id,match_id,team_name,player_name,minute,second,period,location_x,location_y,play_pattern_name,shot_statsbomb_xg,shot_outcome_name,shot_type_name,shot_technique_name,shot_body_part_name,shot_first_time,shot_one_on_one,shot_open_goal,shot_aerial_won,under_pressure,defenders_in_cone,nearest_opponent_distance,opponents_within_5m,keeper_distance_to_shot,keeper_distance_to_goal_line,has_360
344bbdcd-69ad-4b60-8c7c-6d46826ea988,3930166,Czech Republic,Pavel Šulc,3,39,1,103.0,33.9,From Goal Kick,0.06054878,Blocked,Open Play,Normal,Right Foot,,,,,,0.0,2.066497977966917,2.0,14.852351657639325,4.418722202047263,1
a591a39d-bc4a-4f8a-b789-9e09b603a77c,3930166,Portugal,Cristiano Ronaldo dos Santos Aveiro,7,30,1,108.6,40.1,Regular Play,0.054354656,Off T,Open Play,Normal,Head,,,,,,0.0,1.0257156470812967,1.0,8.652118680900966,3.0447247170542653,1
7d690123-e372-423f-980c-5c0e281d38dc,3930166,Portugal,Nuno Mendes,16,9,1,89.6,25.3,Regular Play,0.007152914,Off T,Open Play,Normal,Left Foot,,,,,,2.0,6.603274968699661,0.0,30.699257455553855,2.945042179704984,1
67f08a7a-b659-4692-ab5c-e94c77e69e08,3930166,Portugal,Rúben Santos Gato Alves Dias,21,19,1,99.7,52.2,From Throw In,0.03168744,Blocked,Open Play,Normal,Right Foot,,,,,,1.0,3.1112720844699626,1.0,18.789185128572186,3.707271104152909,1
29fc3b39-63b0-4c69-844f-dab9a80a32c1,3930166,Portugal,João Pedro Cavaco Cancelo,22,56,1,104.7,25.1,From Corner,0.028342715,Blocked,Open Play,Normal,Right Foot,,,,,True,0.0,1.3098998645360396,3.0,17.471655054800923,2.564609749613396,1
19357d42-5a3c-4425-badd-301552f7aa9b,3930166,Portugal,Bruno Miguel Borges Fernandes,23,17,1,92.6,20.6,From Corner,0.0055739963,Blocked,Open Play,Normal,Right Foot,,,,,,0.0,3.7171910343259214,1.0,31.20682731688927,2.728929488431774,1
bc44cab9-283f-4e16-918d-0f124a20961f,3930166,Portugal,Cristiano Ronaldo dos Santos Aveiro,31,14,1,109.8,36.7,Regular Play,0.4916691,Saved,Open Play,Normal,Left Foot,True,,,,,0.0,8.737912985358145,0.0,5.857792375833824,4.692800634372077,1
a3cbfb28-8e18-427b-b3d4-847b98fdadcd,3930166,Portugal,Vitor Machado Ferreira,31,18,1,96.7,32.6,Regular Play,0.037158106,Saved,Open Play,Normal,Right Foot,,,,,,2.0,1.002315756029099,2.0,22.71100034050802,2.06233924524156,1
8c2f7824-4771-4abc-99bc-374dc7171694,3930166,Portugal,Vitor Machado Ferreira,32,36,1,106.6,35.4,Regular Play,0.15270437,Blocked,Open Play,Normal,Right Foot,,,,,True,0.0,1.0273702790907824,3.0,8.46669213705747,5.6174855689557575,1
edbd0d6d-5f0e-4058-b9c3-3157cb6a0e5f,3930166,Portugal,Cristiano Ronaldo dos Santos Aveiro,45,2,1,107.9,51.7,From Corner,0.07862081,Saved,Open Play,Normal,Left Foot,,,,,True,1.0,1.2768728323904832,1.0,13.456649915497913,2.4362815637307733,1
af56a21d-27af-4a50-9dae-4ae9a8ecfe62,3930166,Portugal,José Diogo Dalot Teixeira,45,57,2,99.2,55.7,From Free Kick,0.02290134,Off T,Open Play,Normal,Left Foot,,,,,,1.0,0.7809700599624393,2.0,22.026888920280758,3.368191682751231,1
d7d776bd-b5da-423a-9443-5fa02b7c6fe5,3930166,Portugal,Bernardo Mota Veiga de Carvalho e Silva,51,21,2,101.9,56.1,From Free Kick,0.032631624,Off T,Open Play,Normal,Left Foot,,,,,True,0.0,0.43554362504307587,2.0,20.41763260250069,2.5350496686689468,1
0feb38b8-ed58-4a4d-a6c5-07df4cc7324a,3930166,Portugal,Cristiano Ronaldo dos Santos Aveiro,54,23,2,111.8,40.5,From Throw In,0.09138278,Blocked,Open Play,Normal,Head,,,,True,True,1.0,0.5047560155598627,2.0,6.597215758079972,2.068087907262793,1
c08e5c6e-073a-4b44-944a-d06b91d51735,3930166,Portugal,Cristiano Ronaldo dos Santos Aveiro,57,41,2,92.3,38.0,From Free Kick,0.05240551,Saved,Free Kick,Normal,Right Foot,,,,,,3.0,11.718483569820673,0.0,26.664482080277235,1.2006865051894522,1
1dd7dddd-f471-475b-9e46-4555150a1f9d,3930166,Portugal,Rafael Alexandre Conceição Leão,59,9,2,107.9,20.4,From Corner,0.008591539,Blocked,Open Play,Normal,Right Foot,,,,,,0.0,2.8272406569788786,2.0,17.83454512147187,2.773967809446816,1
bd5a6069-9a43-4ea0-b2cd-cddc98667ef0,3930166,Czech Republic,Mojmír Chytil,61,18,2,107.6,41.8,From Goal Kick,0.040316492,Wayward,Open Play,Normal,Head,,,,True,True,1.0,0.9208959923900343,3.0,11.763317361544907,0.6809279969307909,1
743de80e-6081-4bee-be14-71cb9eb6cca4,3930166,Czech Republic,Lukáš Provod,61,31,2,98.3,48.1,From Goal Kick,0.035857204,Goal,Open Play,Normal,Right Foot,True,,,,,4.0,5.457511181759203,0.0,21.64462647079831,0.6088388989091413,1
c0efa37e-f2f0-4303-a73e-173f975daf77,3930166,Portugal,Nuno Mendes,68,50,2,115.0,30.7,From Throw In,0.045160558,Saved,Open Play,Normal,Head,,,,True,True,0.0,0.6629250607476784,1.0,9.342964439169,1.696780278282361,1
56aed5d4-a614-46ed-90c7-63ffdc3dccc4,3930166,Portugal,Bernardo Mota Veiga de Carvalho e Silva,71,53,2,108.9,25.4,From Throw In,0.067471,Saved,Open Play,Normal,Left Foot,,,,,,0.0,3.310627273645673,2.0,14.25223496929251,2.055837009786231,1
5190d9cd-f2e8-4383-9c39-c0f1d4675e07,3930166,Portugal,Vitor Machado Ferreira,77,33,2,91.3,35.1,From Throw In,0.03203486,Saved,Open Play,Normal,Right Foot,,,,,True,0.0,2.4760741420065777,1.0,26.608243567054732,2.741613375362377,1
7e56fb78-a728-47ed-918c-6784f9821657,3930166,Portugal,Bruno Miguel Borges Fernandes,80,6,2,107.1,16.8,From Corner,0.0076566194,Blocked,Open Play,Normal,Right Foot,,,,,,0.0,1.8750596369548773,1.0,23.543946772188917,2.0264763644904065,1
71418084-df83-4219-85ff-43994b26a609,3930166,Czech Republic,Petr Ševčík,80,56,2,106.1,44.5,From Throw In,0.11256568,Blocked,Open Play,Normal,Left Foot,,,,,,0.0,2.9694471101590953,1.0,11.40606052945396,2.9313982394526477,1
d8b42cf5-b915-4dca-a908-32b1b8e9c33f,3930166,Czech Republic,Tomáš Souček,80,58,2,100.6,44.7,From Throw In,0.06547854,Off T,Open Play,Normal,Left Foot,,,,,,2.0,3.2929957993909,1.0,18.161425609744853,1.7000421916610549,1
65f09c85-eca7-4338-976d-176a04b217dd,3930166,Portugal,Francisco Fernandes Conceição,91,11,2,115.7,36.1,From Goal Kick,0.59001094,Goal,Open Play,Normal,Left Foot,True,,,,,0.0,3.1751950730380605,2.0,3.6880701841606,1.5228421851969216,1
65d184ad-5ce5-4efb-83dc-4fcf1a2ef92f,3930159,Hungary,Attila Szalai,1,19,1,110.6,27.7,From Free Kick,0.09601528,Wayward,Open Play,Volley,Right Foot,True,,,,,,,,,,0
090d7f7a-0508-4a00-afb9-a923de947df7,3930159,Hungary,Roland Sallai,9,16,1,98.1,48.0,Regular Play,0.044836354,Off T,Open Play,Normal,Right Foot,,,,,,1.0,3.0785843284864933,2.0,20.434848091381067,2.334151893308089,1
238ad2b4-c744-4b64-990d-d9e53b1d9e92,3930159,Switzerland,Kwadwo Duah,11,55,1,108.4,41.6,Regular Play,0.38862705,Goal,Open Play,Normal,Right Foot,True,,,,,0.0,1.9998453516601742,1.0,3.460135365451331,8.192725560437125,1
afd9aed5-0321-4bd9-ac87-882c68118ed5,3930159,Switzerland,Ruben Vargas,19,40,1,107.1,47.2,From Keeper,0.4467253,Saved,Open Play,Normal,Right Foot,,True,,,,,,,,,0
03304fd9-8dde-4b57-863b-8b36658fc8b1,3930159,Switzerland,Fabian Lukas Schär,21,29,1,93.4,51.8,From Corner,0.017150318,Blocked,Open Play,Normal,Right Foot,,,,,,1.0,3.3673594440932186,1.0,25.447519765168295,3.470351642197784,1
904282a1-39dc-45cf-b5ef-9bfea668d235,3930159,Switzerland,Fabian Lukas Schär,28,34,1,103.4,50.1,Regular Play,0.053312253,Blocked,Open Play,Normal,Left Foot,,,,,,1.0,1.6115510345389648,4.0,16.110271413800724,3.415821675925713,1
304dbd58-486f-4db8-b937-92ee858d51f7,3930159,Hungary,Willi Orban,39,36,1,111.3,39.9,From Free Kick,0.14360759,Saved,Open Play,Normal,Head,,,,,,0.0,2.9791919447640716,5.0,7.084561836228587,1.8792849416133492,1
4215ba9b-4cad-45cb-80de-4eb9c70f3b40,3930159,Switzerland,Michel Aebischer,44,42,1,96.0,34.5,Regular Play,0.03557817,Goal,Open Play,Normal,Right Foot,,,,,,2.0,5.086857337087417,0.0,21.147807342725372,3.383426785672981,1
33ea0a64-cbd1-49f1-aa78-8b162ae4c80d,3930159,Switzerland,Kwadwo Duah,46,31,2,110.1,51.0,From Throw In,0.06089901,Blocked,Open Play,Normal,Right Foot,True,,,,,1.0,1.8798785334614285,1.0,10.281618519489797,1.8219329333921905,1
f5b9ff98-175d-428b-a14a-cf512ccf1abe,3930159,Switzerland,Kwadwo Duah,47,9,2,105.0,29.0,From Throw In,0.10888988,Saved,Open Play,Normal,Left Foot,True,,,,,0.0,2.0035115166013653,3.0,15.11857142630199,4.1048591158872085,1
a0fe76ef-eb81-4a1f-a7ac-feb4f5597d50,3930159,Switzerland,Ruben Vargas,53,11,2,108.6,30.2,From Throw In,0.12474265,Saved,Open Play,Half Volley,Left Foot,,,,,True,0.0,1.406503975734187,3.0,12.015439503362755,2.411761185823906,1
9b5d9b1f-4157-4817-bae8-182bf4d6b68e,3930159,Switzerland,Dan Ndoye,57,56,2,96.4,50.9,From Free Kick,0.03159932,Off T,Open Play,Normal,Right Foot,,,,,,1.0,1.526071017795873,2.0,22.529641642943893,2.9232492249177113,1
8ee81de5-1b8f-4521-ae11-b6cd728a2e58,3930159,Hungary,Barnabás Varga,62,48,2,111.8,42.5,From Free Kick,0.15456991,Off T,Open Play,Normal,Head,,True,,,,0.0,0.8465992177316345,2.0,8.47712144030316,0.32116369254342203,1
a36fac65-921d-48e5-a85a-2848c2390560,3930159,Hungary,Barnabás Varga,65,25,2,115.5,42.1,From Throw In,0.57968694,Goal,Open Play,Diving Header,Head,,True,,,,0.0,0.8914685083108107,1.0,3.6168335247591648,0.9458587062122774,1
5749362c-8be0-4d35-8b38-b1c990baf1e5,3930159,Hungary,Roland Sallai,68,8,2,104.9,35.6,From Free Kick,0.08412952,Blocked,Open Play,Normal,Right Foot,,,,,True,1.0,1.1977783330987875,4.0,13.67140327582234,1.8139510801088363,1
29b674e7-0509-42e8-95c2-6e5738308dd6,3930159,Switzerland,Dan Ndoye,70,39,2,108.7,25.6,From Throw In,0.052711353,Blocked,Open Play,Normal,Right Foot,,,,,,0.0,3.5936991758265333,2.0,14.562262220210481,3.283401965314056,1
40625672-7674-4e5e-b61d-0dc163225996,3930159,Switzerland,Fabian Lukas Schär,71,34,2,113.3,42.4,From Corner,0.11983715,Off T,Open Play,Normal,Head,,,,True,True,0.0,0.4495997151924773,4.0,5.476890030404588,1.2821151782735,1
9c155f07-f49e-4272-8ad6-f5df44a3c2a6,3930159,Switzerland,Dan Ndoye,82,22,2,105.0,49.0,Regular Play,0.14827995,Off T,Open Play,Normal,Right Foot,,,,,True,0.0,1.0403544869444687,1.0,11.77020282240507,4.743652793687602,1
445bb739-6ef4-4deb-94bd-0d8be7d5e858,3930159,Switzerland,Vincent Sierro,88,32,2,91.4,28.3,From Free Kick,0.020479834,Blocked,Open Play,Normal,Right Foot,,,,,,1.0,1.7549247724197052,1.0,27.522664279864117,3.225333495430661,1
a280c1f2-8e22-4afe-8c6a-64903679dc6b,3930159,Switzerland,Granit Xhaka,89,12,2,116.5,49.9,From Corner,0.044237033,Saved,Open Play,Normal,Head,,,,,,1.0,2.928110283341068,3.0,6.451552308809899,1.4000693507449853,1
5d6f7f49-9789-4d8f-9735-19b8aad1e82b,3930159,Switzerland,Breel-Donald Embolo,92,40,2,104.3,41.5,From Counter,0.4426999,Goal,Open Play,Lob,Right Foot,,True,,,,0.0,3.2671594218617668,1.0,3.960931440339199,11.739684149290127,1
68dfccce-11da-4fef-b838-b01c4f973567,3930163,England,Jude Bellingham,12,11,1,113.4,39.5,From Throw In,0.28910747,Goal,Open Play,Normal,Head,,,,True,True,0.0,0.6991065370357421,2.0,6.300357740174334,1.008965065787919,1
ba84364f-04d1-4a5a-a2a0-8f6c282b5fa5,3930163,England,Trent Alexander-Arnold,18,4,1,95.8,51.0,Regular Play,0.025817266,Off T,Open Play,Half Volley,Right Foot,,,,,,1.0,5.23658698918913,0.0,23.517241005398393,2.8666646461915235,1
94ab7aaf-505a-4718-bdb0-fcc2e6702953,3930163,Serbia,Aleksandar Mitrović,19,40,1,103.0,47.3,Regular Play,0.09554446,Off T,Open Play,Normal,Right Foot,,,,,,1.0,1.3787547284158101,2.0,14.229826224846855,3.5210148269568435,1
fb952e68-aa01-44c9-877a-8b280109adcc,3930163,Serbia,Dušan Vlahović,22,39,1,98.9,46.6,From Goal Kick,0.037229445,Blocked,Open Play,Normal,Left Foot,,,,,,1.0,1.6985279593643923,2.0,19.423798811615487,2.001000724853583,1
6fee9967-ea6a-4600-bac9-435c62447a3d,3930163,England,Trent Alexander-Arnold,29,49,1,92.2,46.3,From Free Kick,0.05354343,Blocked,Free Kick,Normal,Right Foot,,,,,,2.0,11.36740893141668,0.0,28.528596677125304,-0.04951609940096091,1
b68c3d9e-d7a1-4e94-a540-e13ecb1974f9,3930163,England,Trent Alexander-Arnold,55,46,2,90.8,50.6,From Free Kick,0.023010701,Saved,Open Play,Normal,Right Foot,,,,,,0.0,3.006870147787027,1.0,29.796782553261096,0.9934464239837268,1
0bead2c9-9411-4909-adbf-c45835ffd75b,3930163,England,Harry Kane,76,20,2,114.8,36.2,From Free Kick,0.16733526,Saved to Post,Open Play,Normal,Head,,,,True,True,0.0,1.5366591443941693,1.0,7.067290247282025,1.35961814468628,1
d1d8a176-88e5-45a0-85b4-68dce1d7db40,3930163,Serbia,Dušan Vlahović,81,37,2,96.9,32.1,From Free Kick,0.045151852,Saved,Open Play,Normal,Left Foot,,,,,,0.0,3.849381248314823,2.0,20.79441379036933,3.043112598207344,1
ab0ca991-02e0-4263-8748-11fd8333842f,3930163,Serbia,Veljko Birmančević,82,17,2,98.1,35.4,From Corner,0.033204958,Blocked,Open Play,Half Volley,Right Foot,True,,,,,4.0,2.9775110604032493,1.0,22.172252418312144,0.10086164792930674,1
6f34d3b3-0be7-4ddf-9f8e-9b36e8d88084,3930163,Serbia,Sergej Milinković-Savić,88,17,2,89.8,27.7,From Throw In,0.01536182,Off T,Open Play,Normal,Right Foot,,,,,,2.0,4.9194390450213685,1.0,30.85980823289782,1.4822124907116887,1
8002dc02-52c6-4a06-aa59-c24f626ee372,3930163,Serbia,Ivan Ilić,92,35,2,90.5,30.5,From Throw In,0.02291271,Blocked,Open Play,Normal,Left Foot,,,,,,1.0,4.486426997511806,1.0,27.539509688816185,3.031350777313392,1
2e688947-ee39-460e-9074-85fcd325faef,3930181,Slovenia,Benjamin Šeško,4,6,1,108.3,38.4,From Free Kick,0.06892924,Saved,Open Play,Normal,Head,,,,,,1.0,3.257695178388933,3.0,10.187115091774013,1.7678909935241052,1
dc3fc695-ef73-4528-8873-16c50a548a01,3930181,Slovenia,Andraž Šporar,18,40,1,95.3,42.9,Regular Play,0.04272891,Saved Off Target,Open Play,Half Volley,Left Foot,,,,,,1.0,1.2386910436042515,1.0,20.484233628960737,4.295816058417984,1
018671bd-9305-4d77-b9a4-d7af274d5d47,3930181,England,Harry Kane,29,9,1,102.6,38.8,From Keeper,0.042826455,Blocked,Open Play,Normal,Left Foot,,,,,,,,,,,0
5db1f78d-6145-49fd-932e-cb1b767038c2,3930181,England,Harry Kane,30,13,1,107.8,35.8,From Corner,0.027990201,Blocked,Open Play,Normal,Head,,,,True,True,0.0,1.4753190677797403,2.0,10.322970765386376,2.132637725175698,1
399d43ab-bb75-405d-8536-6e3a9947109e,3930181,England,Harry Kane,30,24,1,98.9,22.2,From Corner,0.020003181,Saved,Open Play,Normal,Right Foot,,,,,,1.0,3.542054657185055,1.0,24.23567103820393,2.5079714350212043,1
f492ab2b-bbe5-4b2e-a6a6-3d9154198aeb,3930181,Slovenia,Andraž Šporar,31,19,1,92.8,35.5,From Keeper,0.025362415,Blocked,Open Play,Normal,Left Foot,,,,,,1.0,3.749713364191828,1.0,24.17789982087426,3.4539422034130496,1
e92370e6-05ba-495a-bdb4-5c0a2e0f4357,3930181,England,Phil Foden,34,26,1,89.4,52.7,From Free Kick,0.02118464,Saved,Free Kick,Normal,Left Foot,,,,,,,,,,,0
00c52fb8-3a8f-4dbb-95b7-3661f4d8b5e4,3930181,England,Harry Kane,39,57,1,115.7,43.3,Regular Play,0.39533535,Off T,Open Play,Volley,Right Foot,True,,,,,0.0,1.703640965501112,1.0,4.164082976796487,3.96872826213324,1
42c974a5-223f-46fa-9dea-3fe367724f29,3930181,England,Harry Kane,42,10,1,89.8,50.8,From Throw In,0.022610057,Blocked,Open Play,Normal,Right Foot,,,,,,1.0,6.075667029940355,0.0,26.095061039646225,5.372411964816337,1
5ec47b6d-2756-4e2f-8fa2-0fbcd38f9cae,3930181,England,Phil Foden,50,31,2,88.6,43.7,From Corner,0.011521615,Off T,Open Play,Volley,Left Foot,True,,,,,2.0,7.58825608201619,0.0,31.294551188621046,0.4110303435223557,1
ddf52d5e-47d5-4463-ade3-6dbfccd0bd16,3930181,England,John Stones,57,3,2,112.0,40.9,From Corner,0.07156796,Blocked,Open Play,Normal,Head,,,,True,True,0.0,0.8843434072000836,4.0,7.0526841892680565,0.9598352477994325,1
17720896-bfc8-4a7c-ba8f-a2e884637b9b,3930181,Slovenia,Adam Gnezda Čerin,62,57,2,92.3,51.6,From Throw In,0.027896708,Off T,Open Play,Normal,Left Foot,,,,,,0.0,2.2413074973053457,1.0,26.726135892635373,3.0942969070677435,1
f435723e-f928-4960-9439-2db6b06fadbe,3930181,England,Declan Rice,74,21,2,106.7,23.3,From Throw In,0.035136804,Off T,Open Play,Half Volley,Right Foot,True,,,,,0.0,3.2157105774962638,2.0,17.267093124738206,2.2685327399921675,1
19df369e-0800-4021-a94c-420327afe272,3930181,England,Phil Foden,82,51,2,97.7,32.1,Regular Play,0.038287748,Blocked,Open Play,Normal,Left Foot,,,,,,2.0,3.704745207950676,1.0,22.350213929906708,0.7434154491430292,1
af7fcdf4-f346-4494-b50f-d00bca2a1c8d,3930181,England,Cole Palmer,91,37,2,103.2,55.2,From Throw In,0.0473352,Saved,Open Play,Normal,Left Foot,True,,,,,0.0,4.2572365543893245,1.0,19.922528901256065,1.7398618108598214,1
49a71dd0-767e-4c1a-b633-05e66e2b0fbb,3930181,England,Trent Alexander-Arnold,93,16,2,90.1,44.8,From Throw In,0.02242279,Off T,Open Play,Normal,Right Foot,,,,,,,,,,,0
09a5233d-90cc-4802-8ace-1c200d45a23f,3930178,Croatia,Luka Sučić,4,4,1,91.7,51.0,Regular Play,0.021476122,Saved,Open Play,Normal,Left Foot,,,,,,0.0,2.251395920689611,1.0,28.087516034107395,2.136775468484373,1
60c46757-836c-4d11-989a-d814f09a6483,3930178,Italy,Lorenzo Pellegrini,10,33,1,103.9,30.6,Regular Play,0.040648647,Off T,Open Play,Normal,Head,,,,,,0.0,1.1102604483025256,1.0,15.55715300849518,2.3642632365446445,1
429029c1-705d-489e-9f08-a27ff19ddd7a,3930178,Italy,Mateo Retegui,20,31,1,113.2,41.4,From Free Kick,0.11477187,Blocked,Open Play,Normal,Head,,,,True,True,0.0,1.1260502410874604,2.0,5.585663229636629,1.232148177224019,1
58067cda-8b53-4d5a-8858-f8306d75bc7b,3930178,Italy,Mateo Retegui,21,51,1,106.2,36.1,From Corner,0.050440855,Blocked,Open Play,Half Volley,Right Foot,,,,,,1.0,1.607839656250651,2.0,12.60297251257697,1.3933033157000096,1
652a9b49-68b1-45e5-bd63-508781fc92c1,3930178,Italy,Mateo Retegui,25,44,1,111.3,25.7,Regular Play,0.02528777,Blocked,Open Play,Normal,Left Foot,True,,,,,1.0,0.5230807893785817,2.0,10.450396814502446,2.810999001486863,1
650fd42f-7258-4966-b657-2459fad39ad4,3930178,Italy,Alessandro Bastoni,26,29,1,113.0,33.8,From Corner,0.14318198,Saved,Open Play,Normal,Head,,True,,,,0.0,3.8369345403786252,1.0,8.266371932147765,4.19271921633802,1
d4e50d67-de22-4e9f-ad1d-38ddc912d708,3930178,Croatia,Luka Modrić,30,34,1,99.8,54.3,From Free Kick,0.020104777,Blocked,Open Play,Normal,Right Foot,,,,,,0.0,2.8478491763589697,2.0,23.049364845844856,1.1882166293038239,1
422531f5-a018-40f2-b40d-a374e69815b4,3930178,Italy,Lorenzo Pellegrini,35,25,1,103.4,27.1,From Free Kick,0.027555797,Saved,Open Play,Normal,Left Foot,,,,,,1.0,1.7440507884329075,4.0,16.47289775832805,3.1152971007981165,1
d9d5a752-11f0-4a80-b3c2-b422dc2193e5,3930178,Croatia,Andrej Kramarić,51,23,2,107.2,26.5,From Throw In,0.024291756,Blocked,Open Play,Normal,Right Foot,,,,,,2.0,1.7806792936483067,2.0,15.668319319408155,2.1588983174858356,1
47994120-906a-4c95-bbf2-c1aff14c89c9,3930178,Croatia,Luka Modrić,53,45,2,108.0,40.0,Other,0.7835,Saved,Penalty,Normal,Right Foot,,,,,,0.0,9.004482079072899,0.0,11.603234293825588,0.396800794614407,1
3ccff8f4-1fea-4225-a649-7d22c77313cf,3930178,Croatia,Ante Budimir,54,15,2,111.3,40.9,Other,0.14855804,Saved,Open Play,Volley,Left Foot,True,,,,True,0.0,0.9342332694989911,2.0,6.1466886552231035,2.5542486859757076,1
33fa8e71-7b92-4916-8271-1f24566337d4,3930178,Croatia,Luka Modrić,54,17,2,114.9,35.5,Other,0.48530436,Goal,Open Play,Normal,Left Foot,True,,,,,1.0,3.7520818637585722,1.0,3.444779253664438,2.577319759669109,1
16a096e2-6047-40f3-8b98-1930b438e558,3930178,Italy,Davide Frattesi,56,59,2,107.5,29.9,From Kick Off,0.05347716,Blocked,Open Play,Normal,Right Foot,True,,,,,0.0,0.3831366508706732,1.0,10.487002746177868,3.658893940211854,1
a41bf0ab-2f0e-4d27-a498-a041219a1176,3930178,Italy,Alessandro Bastoni,60,52,2,114.2,42.9,From Corner,0.16923,Off T,Open Play,Normal,Head,,,,,,0.0,2.524373228571377,4.0,5.582025215440008,1.7290728788329375,1
4ce1c860-10bd-4ec1-af46-38bd09fe2b91,3930178,Italy,Matteo Darmian,66,13,2,112.1,28.1,Regular Play,0.055198677,Blocked,Open Play,Normal,Left Foot,,,,,,0.0,4.145415119471187,1.0,9.358478644866999,2.2043252133739344,1
1fc607cd-56cb-42d2-84a0-df7ad6cb30f6,3930178,Italy,Giacomo Raspadori,71,57,2,94.2,44.2,From Free Kick,0.06597319,Blocked,Free Kick,Normal,Right Foot,,,,,,2.0,9.530146697758072,0.0,26.006184732454027,-0.15376454251551763,1
d5d95d4b-95c3-4ce5-b869-72bcbf5e5c74,3930178,Italy,Giovanni Di Lorenzo,72,21,2,114.6,34.8,From Corner,0.11527714,Blocked,Open Play,Normal,Head,,,,True,True,0.0,0.4146155262717103,6.0,3.5285500536582273,2.198576287739712,1
e79b9b90-7e0b-48b4-9619-09425cbcd187,3930178,Italy,Gianluca Scamacca,91,24,2,87.8,29.5,Regular Play,0.013674787,Blocked,Open Play,Normal,Right Foot,,,,,,1.0,0.8897654747833328,2.0,31.19370456369019,2.7817930840801353,1
14576e0e-8f0b-4978-9821-a591ac751e73,3930178,Italy,Mattia Zaccagni,97,21,2,103.4,28.0,From Free Kick,0.11067648,Goal,Open Play,Normal,Right Foot,True,,,,,0.0,5.888655639868075,0.0,14.208557629751688,6.1400212819403635,1
cdb7bd74-da01-4b54-845c-53e2dc388459,3930160,Spain,Álvaro Borja Morata Martín,6,23,1,98.8,47.5,Regular Play,0.05367552,Saved,Open Play,Half Volley,Left Foot,,,,,,0.0,3.0696091828454324,2.0,21.086680124673272,1.2787841857421398,1
cfcc0d26-3ab3-4fe1-951e-e41ee4e33847,3930160,Spain,Lamine Yamal Nasraoui Ebana,14,12,1,106.5,49.9,Regular Play,0.04807823,Saved Off Target,Open Play,Normal,Left Foot,,,,,True,0.0,0.5994741587920399,2.0,11.65797466426382,3.7090530752580264,1
0dc6a84e-86a1-4fe3-90e0-d11c810e6aa2,3930160,Croatia,Ante Budimir,21,49,1,107.7,39.3,Regular Play,0.048898492,Off T,Open Play,Normal,Head,,,,True,True,1.0,0.7637432949294519,1.0,11.245369933651405,1.1060843745398472,1
68290076-ddc8-42bd-8231-c5f6cf5550be,3930160,Spain,Álvaro Borja Morata Martín,28,8,1,104.1,39.9,Regular Play,0.4253404,Goal,Open Play,Normal,Left Foot,,True,,,True,0.0,1.5816063751695018,3.0,8.756666311924288,7.183594916560494,1
0f8aec75-6528-4f17-a97b-b08773198505,3930160,Croatia,Mateo Kovačić,29,53,1,102.8,38.7,From Kick Off,0.06378076,Saved,Open Play,Normal,Left Foot,,,,,True,0.0,2.738335645979243,3.0,14.037055899907141,3.1839897036155804,1
c609a012-b29c-4af1-b7ee-a9d4934162e5,3930160,Spain,Fabián Ruiz Peña,31,24,1,103.9,38.7,From Throw In,0.056130085,Goal,Open Play,Normal,Left Foot,,,,,,1.0,1.1462313482514626,4.0,12.982114548702565,3.1215515028181926,1
c027d647-bd48-4807-92ea-7c77f9308956,3930160,Croatia,Marcelo Brozović,32,55,1,101.8,40.2,From Kick Off,0.07775181,Saved,Open Play,Normal,Right Foot,True,,,,,0.0,4.984518314156615,1.0,15.731750224434439,2.6613233761578954,1
71d7f2ab-ff27-42a1-9efd-3d52835e6709,3930160,Croatia,Lovro Majer,32,57,1,116.5,50.1,From Kick Off,0.10645112,Off T,Open Play,Normal,Right Foot,True,,,,,0.0,4.14775027489017,1.0,,,1
047cb31c-f334-4798-8b5c-46474e0537e4,3930160,Spain,Robin Aime Robert Le Normand,35,11,1,114.2,35.6,From Corner,0.108392105,Blocked,Open Play,Normal,Head,,,,True,True,0.0,1.0504660564481378,5.0,7.666465103709092,1.462554130158395,1
7a081467-7880-4ab6-8bf9-bc7f05f040b9,3930160,Croatia,Joško Gvardiol,40,49,1,114.0,27.5,From Free Kick,0.05044837,Off T,Open Play,Half Volley,Left Foot,True,,,,,0.0,4.3089010225410584,1.0,7.752319942336603,4.175861397868275,1
b77d96a1-bb45-4fab-a3f1-aa2c69c8cb83,3930160,Croatia,Andrej Kramarić,44,20,1,86.3,47.4,From Keeper,0.013197766,Off T,Open Play,Normal,Right Foot,,,,,True,1.0,1.458596556930308,1.0,31.130635669725006,3.456916472152244,1
e854133a-b344-4f60-b410-5622048fa2c2,3930160,Croatia,Mateo Kovačić,45,32,1,91.0,30.4,Regular Play,0.019094488,Off T,Open Play,Normal,Right Foot,,,,,True,2.0,2.8586374841535096,2.0,27.895879442263197,2.296678747999948,1
4be42733-9a13-4f3b-b782-cec536bb3594,3930160,Spain,Daniel Carvajal Ramos,46,54,1,112.7,42.4,From Corner,0.30100337,Goal,Open Play,Volley,Right Foot,True,,,,,0.0,0.9608075787532269,2.0,3.9230719896230717,3.7383800448464086,1
b9a04936-e33b-4aca-bd27-61db6edbc7e3,3930160,Croatia,Joško Gvardiol,50,0,2,101.2,24.0,Regular Play,0.018449154,Blocked,Open Play,Half Volley,Left Foot,True,,,,,2.0,5.170769906006731,0.0,21.38556385188997,2.433932039994673,1
aa43cb49-9d3b-43e2-bccd-78afc2c50007,3930160,Spain,Lamine Yamal Nasraoui Ebana,51,45,2,108.6,48.3,Regular Play,0.28168085,Saved,Open Play,Normal,Left Foot,True,,,,,0.0,5.07239162732318,0.0,10.437221821423867,4.18409239539227,1
f6d2d7c0-8daa-4c31-b01c-69ceba479371,3930160,Spain,Álvaro Borja Morata Martín,53,1,2,117.4,34.5,From Corner,0.2103611,Wayward,Open Play,Normal,Other,,,,,,0.0,1.9840398209158485,3.0,1.7918817744186688,2.1035631985297556,1
f7ce1447-75ca-40f9-99d9-2890a1af67b9,3930160,Croatia,Josip Stanišić,54,30,2,111.9,47.8,From Free Kick,0.22294979,Blocked,Open Play,Normal,Right Foot,True,,,,,2.0,7.027021672355765,0.0,9.79007811967919,1.7765008606445036,1
043808d2-71c2-4c20-a0f7-155ccdfaca86,3930160,Croatia,Ante Budimir,54,32,2,117.0,37.0,From Free Kick,0.20600665,Blocked,Open Play,Normal,Head,,,,True,True,0.0,2.196916201079976,4.0,6.363527580725712,1.3387905436318306,1
20376dd8-2783-4935-95dc-21b6a6c0c9c7,3930160,Croatia,Andrej Kramarić,54,33,2,118.4,40.0,From Free Kick,0.71037304,Saved,Open Play,Normal,Head,,,,,,1.0,1.153580131832667,2.0,1.5784751075673091,1.450140980411291,1
7b333eef-138e-4dfb-96b3-d396c30c3066,3930160,Croatia,Mateo Kovačić,54,34,2,115.1,34.4,From Free Kick,0.099854395,Wayward,Open Play,Normal,Head,,,,,,3.0,1.6085441504491729,4.0,5.9277409438508,3.0696461868795666,1
6991c551-309c-4d6c-964a-6679d80aa752,3930160,Spain,Lamine Yamal Nasraoui Ebana,57,18,2,91.3,45.4,From Free Kick,0.042338703,Blocked,Free Kick,Normal,Left Foot,,,,,,0.0,10.011275589228276,0.0,28.481706758511724,0.7204002296334977,1
61b72a4f-d10c-4cf3-b5e7-4388c124e763,3930160,Spain,Daniel Olmo Carvajal,73,13,2,93.9,39.0,Regular Play,0.027441183,Blocked,Open Play,Normal,Right Foot,,,,,,1.0,2.0452354291773394,2.0,24.068036721668175,2.0756117740034057,1
ab7f3c51-58d5-4de6-bfca-5ce8881c0037,3930160,Croatia,Bruno Petković,79,3,2,108.0,40.0,Other,0.7835,Saved,Penalty,Normal,Right Foot,,,,,,0.0,9.575420050130846,0.0,10.961962819848365,1.0409022079746393,1
b22d3eb1-9292-4baf-8ba0-a6c049f047f1,3930160,Croatia,Ivan Perišić,83,45,2,101.4,28.7,From Throw In,0.035310246,Blocked,Open Play,Normal,Right Foot,,,,,,1.0,3.413699721581236,2.0,18.02159775500348,3.3199021864469245,1
083a5f40-3868-4a15-b0b3-328893917461,3930160,Croatia,Ivan Perišić,83,54,2,87.3,24.7,From Throw In,0.006942888,Saved,Open Play,Normal,Left Foot,,,,,,1.0,5.601745552869033,0.0,31.69427314323877,3.6967507969249596,1
e9b45e73-5f9c-4a67-9d78-72f82f230b87,3930160,Spain,Ferrán Torres García,87,53,2,109.6,57.8,Regular Play,0.012741043,Blocked,Open Play,Normal,Right Foot,,,,,True,0.0,0.9043562464844349,1.0,12.83838446980817,2.8823737058212657,1
29de88a1-0637-4759-84f0-141074dc0f69,3930160,Croatia,Ivan Perišić,91,49,2,107.8,27.5,From Free Kick,0.019089911,Off T,Open Play,Normal,Head,,,,True,True,0.0,1.4401495585213173,1.0,14.225470466554047,3.0913081717438473,1
896e9ae5-980d-4e73-86a5-d2365fac4065,3930170,Slovenia,Adam Gnezda Čerin,3,23,1,95.6,49.4,From Throw In,0.041358393,Saved,Open Play,Normal,Right Foot,,,,,,1.0,4.8997773093011885,1.0,22.435276621199698,2.7301046555434283,1
b0ca22bf-1871-4740-96aa-ec4d5254fe64,3930170,Slovenia,Jan Mlakar,7,5,1,109.1,51.7,Regular Play,0.14476232,Saved,Open Play,Half Volley,Right Foot,,,,,True,0.0,1.1523909871365716,1.0,10.129007877518774,4.576224582830207,1
37b08e75-b7ac-4f40-8c65-90149177579d,3930170,Slovenia,Andraž Šporar,19,52,1,108.8,42.9,Regular Play,0.07042414,Blocked,Open Play,Half Volley,Right Foot,True,,,,True,0.0,0.881025406263686,1.0,8.389824727615542,2.8146273922922944,1
f4167207-e6cd-4ab1-b902-ee1bc411c809,3930170,Slovenia,Timi Elšnik,20,15,1,90.1,41.2,Regular Play,0.023047987,Blocked,Open Play,Normal,Left Foot,,,,,,2.0,4.318559779307239,1.0,28.24466158696149,1.678678154203027,1
445a5793-9a47-4e55-a3d4-2da3d60c63df,3930170,Serbia,Dušan Vlahović,26,49,1,111.0,34.9,From Throw In,0.0682874,Saved,Open Play,Normal,Head,,,,,True,0.0,1.7039597698246725,1.0,9.155697539182848,0.18814830049430498,1
60483eba-67dd-45a0-bc64-a1fa75c2e188,3930170,Slovenia,Jan Mlakar,36,6,1,102.6,25.2,From Throw In,0.020043343,Wayward,Open Play,Half Volley,Left Foot,,,,,,0.0,2.2453516566241833,1.0,18.49845003695704,2.6986419417723084,1
edab92e1-bce5-4ea5-9557-f6016eb7d61f,3930170,Slovenia,Timi Elšnik,37,2,1,105.7,50.3,From Throw In,0.16156586,Post,Open Play,Normal,Right Foot,,,,,,0.0,2.737080263304398,2.0,12.439075147609561,3.294776513826946,1
f41dd35a-86af-4bba-9bd2-2f51e2604ed0,3930170,Slovenia,Andraž Šporar,37,3,1,110.6,38.9,From Throw In,0.45923445,Wayward,Open Play,Volley,Left Foot,True,,,,,0.0,1.3991419693763845,2.0,7.816084006593738,4.394425528644206,1
c003fa84-df1d-460a-9d7c-fa7f3923ff52,3930170,Slovenia,Benjamin Šeško,37,4,1,109.6,35.3,From Throw In,0.23846735,Off T,Open Play,Normal,Right Foot,,,,,,2.0,1.6402534324762106,2.0,12.339866729072105,3.4618674029578926,1
a124cb99-ad1f-43b0-88bc-dc2a1aebb55f,3930170,Serbia,Dušan Vlahović,38,52,1,92.3,31.2,From Free Kick,0.042383377,Blocked,Free Kick,Normal,Left Foot,,,,,,0.0,11.194607716218922,0.0,28.471747374497745,0.1206952914489392,1
e889cc4c-7a6c-4ff7-9c3f-a2ff545d89c7,3930170,Serbia,Dušan Vlahović,38,54,1,95.6,30.9,From Free Kick,0.01660744,Blocked,Open Play,Half Volley,Left Foot,True,,,,,1.0,3.1400918241684774,1.0,23.569205989444868,2.003246680290502,1
671360c2-9310-4365-959b-2c974974449f,3930170,Serbia,Aleksandar Mitrović,41,5,1,116.5,33.3,Regular Play,0.29717425,Saved,Open Play,Normal,Right Foot,,True,,,,0.0,2.845469320759258,2.0,5.162578164383939,3.0533161790711745,1
38993912-1c49-4e5c-9d75-2bb6310dcd09,3930170,Serbia,Saša Lukić,42,50,1,103.2,33.6,From Free Kick,0.08807026,Blocked,Open Play,Half Volley,Right Foot,True,,,,True,1.0,2.814962231092623,1.0,16.75244262195777,0.8092502568008371,1
7336e514-917c-4f8b-8de3-1e30a2557637,3930170,Slovenia,Petar Stojanović,43,8,1,94.5,52.5,From Free Kick,0.023205703,Blocked,Open Play,Normal,Right Foot,,,,,,2.0,3.385723739008727,1.0,,,1
77968610-ee20-438f-83bb-d90112d9b5e7,3930170,Serbia,Aleksandar Mitrović,45,26,1,113.6,32.8,From Corner,0.051894434,Off T,Open Play,Normal,Head,,,,True,True,0.0,1.4934302161960495,3.0,8.775408038291667,2.926101725922422,1
d5b117f8-d970-48bb-a274-89887c18b577,3930170,Serbia,Aleksandar Mitrović,46,31,2,112.9,50.7,From Kick Off,0.2402346,Saved,Open Play,Normal,Right Foot,True,,,,,1.0,1.7501527982307226,1.0,4.214018363719656,4.047972119741601,1
49c79b7e-ba45-4b1e-9595-4fa7297622c9,3930170,Serbia,Aleksandar Mitrović,49,48,2,110.2,38.0,From Corner,0.068004765,Blocked,Open Play,Normal,Head,,,,True,True,1.0,0.5677449254487013,1.0,8.817935215482686,1.5913282422926187,1
5cf3745c-edd9-480e-b8b6-478fdd1db9e4,3930170,Slovenia,Benjamin Šeško,57,51,2,96.0,23.6,Regular Play,0.021775488,Saved,Open Play,Normal,Right Foot,,,,,True,1.0,0.8774772994620493,1.0,,,1
00d351fa-eede-4d68-85c6-9531eb4050bc,3930170,Serbia,Aleksandar Mitrović,64,33,2,102.7,50.4,Regular Play,0.058491293,Off T,Open Play,Half Volley,Right Foot,True,,,,,0.0,2.1787423621610693,1.0,15.481528625954898,4.4810824528497335,1
ca3462cd-8ee8-4efe-8e3b-0d6374acbe06,3930170,Slovenia,Žan Karničnik,68,6,2,114.1,44.7,Regular Play,0.3382771,Goal,Open Play,Half Volley,Right Foot,True,,,,True,0.0,1.415012780289236,1.0,10.327108706198212,0.3444260674418729,1
8915e632-8d07-4cbc-af56-bfd9a52f95de,3930170,Serbia,Aleksandar Mitrović,71,6,2,113.4,38.4,From Throw In,0.18343204,Post,Open Play,Half Volley,Right Foot,True,,,,True,0.0,0.419723405938702,3.0,6.647980758025875,0.26739678453199645,1
9f2725a4-e16a-450c-a913-e8a97dbc8a1d,3930170,Serbia,Sergej Milinković-Savić,74,49,2,112.9,36.9,From Free Kick,0.09501195,Blocked,Open Play,Normal,Head,,,,True,True,1.0,1.6323355041235312,4.0,3.022166620457202,5.637371450044839,1
61076706-9416-4846-9ad1-d2a0a9258b46,3930170,Slovenia,Žan Karničnik,78,42,2,96.9,58.1,From Throw In,0.010003904,Off T,Open Play,Normal,Right Foot,,,,,,0.0,6.088582624785449,0.0,25.190061002519016,3.1213988727950266,1
e07a9e24-e97e-4ee2-88f9-e0e6803128d2,3930170,Serbia,Lazar Samardžić,82,21,2,101.2,28.3,Regular Play,0.049244836,Off T,Open Play,Normal,Left Foot,,,,,,1.0,4.242649582370851,1.0,20.829052677034703,0.7713858314043733,1
f188769a-513f-4614-9654-cf9e0420792b,3930170,Serbia,Ivan Ilić,85,23,2,99.1,30.7,From Corner,0.02786128,Blocked,Open Play,Half Volley,Left Foot,True,,,,,,,,,,0
88f2321f-d109-494a-b221-473041a82d28,3930170,Serbia,Mijat Gaćinović,94,38,2,104.4,43.9,From Free Kick,0.032908905,Blocked,Open Play,Half Volley,Right Foot,,,,,True,2.0,1.410248973657251,4.0,13.84463729591778,2.0479129772153613,1
8bb56acc-ad21-4c73-bc6c-6b3082bcffc5,3930170,Serbia,Luka Jović,94,59,2,114.6,40.3,From Corner,0.14172395,Goal,Open Play,Normal,Head,,,,True,True,1.0,0.18760909459636346,6.0,,,1
7a9a3980-abcc-499b-8e0e-b870ad8e29df,3938643,Poland,Piotr Zieliński,5,45,1,93.9,38.9,From Goal Kick,0.02182334,Saved,Open Play,Half Volley,Right Foot,True,,,,,2.0,4.750433979478548,1.0,22.015031638871942,4.196583298042668,1
09359efb-7396-4772-a8a9-eabd289193ae,3938643,France,Theo Bernard François Hernández,10,39,1,112.6,27.2,Regular Play,0.082832314,Saved,Open Play,Normal,Left Foot,True,,,,,0.0,8.475957922604312,0.0,11.73641040976125,1.761364682823782,1
92a9de0e-4d30-424d-92db-9bfa377566b9,3938643,Poland,Sebastian Szymański,13,32,1,104.2,25.1,From Goal Kick,0.054202277,Blocked,Open Play,Normal,Left Foot,True,,,,,0.0,1.3259600172043344,1.0,16.035019127123476,4.147929838970768,1
3593b22b-91d4-4ed0-8282-314a13856807,3938643,Poland,Kacper Urbanski,14,8,1,106.1,38.3,From Corner,0.06955565,Saved,Open Play,Half Volley,Left Foot,True,,,,,0.0,2.2722782391545127,2.0,12.36223474510048,1.5437536573419948,1
7bd5203d-2957-42a2-8aee-028637dc7b90,3938643,Poland,Jakub Moder,16,50,1,89.7,27.9,From Throw In,0.016467048,Off T,Open Play,Normal,Right Foot,,,,,True,1.0,3.0265361107713953,1.0,29.737237298839517,2.886082180186307,1
d25c9577-6c0d-4ecc-adca-3d86e83f3bb0,3938643,France,Ousmane Dembélé,18,41,1,111.9,50.0,From Counter,0.24532036,Saved,Open Play,Normal,Right Foot,True,,,,True,0.0,1.498977232120444,1.0,4.593673150846571,4.886369077553724,1
423f6d33-bed6-45f2-aadf-017a9c254254,3938643,Poland,Robert Lewandowski,33,14,1,109.8,43.8,Regular Play,0.08242022,Off T,Open Play,Normal,Head,,,,,,1.0,1.3742665862787602,2.0,9.747686286468493,1.5005552485650924,1
d1f806f8-3296-4cc1-93cd-615723ba4e37,3938643,France,Aurélien Djani Tchouaméni,35,59,1,87.3,30.0,Regular Play,0.013516772,Blocked,Open Play,Normal,Right Foot,,,,,,1.0,4.961358871983198,1.0,31.630000735123335,2.5399788069433953,1
268e0a1b-a98c-438e-b478-ce9b4a52170e,3938643,France,Aurélien Djani Tchouaméni,37,6,1,99.1,41.7,Regular Play,0.050685827,Blocked,Open Play,Normal,Right Foot,,,,,True,2.0,2.480086324045172,2.0,19.43038582466404,1.4776675284769851,1
28d80946-1fa8-480b-9c7e-2ae566abc257,3938643,France,William Saliba,37,38,1,107.3,39.0,From Corner,0.046296313,Off T,Open Play,Half Volley,Right Foot,True,,,,True,1.0,0.7653345779640355,3.0,11.89477723011255,1.0145127623960377,1
909198a0-2a44-47fb-b030-7fb2ee090a90,3938643,Poland,Robert Lewandowski,38,17,1,87.5,38.4,From Goal Kick,0.017444821,Wayward,Open Play,Half Volley,Left Foot,,,,,,,,,,,0
89db9b13-212c-4dba-ba9e-464f369414d7,3938643,France,Kylian Mbappé Lottin,41,11,1,115.6,29.2,Regular Play,0.118999206,Saved,Open Play,Normal,Right Foot,True,,,,,0.0,1.9394081076215264,3.0,5.31036652527352,2.3713746442304995,1
b4bf8146-7d48-4bc1-b2e7-5a66ab3eac1f,3938643,France,Dayotchanculle Upamecano,41,35,1,112.3,37.3,From Corner,0.09202025,Off T,Open Play,Normal,Head,,,,True,True,0.0,0.7665955165401686,5.0,6.9130894703892345,1.7697903355366549,1
9bfea9ad-735b-4525-9a86-91bd5b21f596,3938643,France,Kylian Mbappé Lottin,44,25,1,117.6,29.5,From Throw In,0.033283398,Saved,Open Play,Normal,Right Foot,,True,,,,0.0,2.9779998912491936,2.0,5.606344673122227,2.456086035971822,1
ec688b7f-6bf3-4add-b9e1-09f9044e5808,3938643,France,N'Golo Kanté,47,51,2,100.2,42.3,From Throw In,0.06638347,Blocked,Open Play,Normal,Right Foot,True,,,,True,1.0,1.221406819161269,1.0,18.123663164058346,1.6797653573372884,1
2bd199cb-b981-45f2-ab80-51c0af7648d8,3938643,France,Kylian Mbappé Lottin,48,28,2,103.5,23.3,From Corner,0.03354426,Saved,Open Play,Normal,Right Foot,True,,,,,0.0,4.3274542534274225,1.0,20.55680454037883,2.57038411610138,1
c3a45747-db5e-423b-88a1-ec51a1c715b1,3938643,France,Kylian Mbappé Lottin,48,56,2,100.0,24.9,From Corner,0.03001934,Off T,Open Play,Normal,Right Foot,,,,,True,0.0,2.9411024610231813,2.0,21.416942308031977,2.8831042821734485,1
3684c00a-ef7e-45d2-bf75-a5fac76c6c62,3938643,France,Ousmane Dembélé,50,43,2,105.4,60.0,From Free Kick,0.0069303666,Blocked,Open Play,Normal,Left Foot,,,,,True,1.0,2.2517689861001386,1.0,20.835119791334442,1.4491456010198078,1
00633ba6-692b-40d1-ba13-535406bf78a1,3938643,France,Kylian Mbappé Lottin,55,37,2,108.1,40.1,Other,0.7835,Goal,Penalty,Normal,Right Foot,,,,,,0.0,10.621098960650695,0.0,11.483359523499907,0.435221207734358,1
d8bfb069-da31-43d1-b4fc-456f1d4c05e2,3938643,France,Bradley Barcola,58,26,2,116.6,27.4,From Throw In,0.019646157,Saved,Open Play,Normal,Left Foot,,True,,,True,0.0,1.7432672441932318,1.0,8.200858919491868,1.3094811795563146,1
e8f85cf5-4a1a-4d00-9fed-9ff8f5fdd993,3938643,France,Antoine Griezmann,65,10,2,95.3,45.7,From Counter,0.04413893,Blocked,Open Play,Normal,Left Foot,,,,,True,1.0,3.0422899472101688,1.0,22.226556187488658,3.16577712180343,1
884ebcde-270b-4fdf-b7fc-a44781f6e47e,3938643,Poland,Robert Lewandowski,71,25,2,92.6,31.8,Regular Play,0.023918275,Off T,Open Play,Normal,Right Foot,,,,,,0.0,0.38497473822508527,1.0,24.392282223110897,4.373307032164604,1
03afed8a-fcf7-4c46-9316-9ec3e99b6795,3938643,Poland,Robert Lewandowski,78,13,2,108.0,40.0,Other,0.7835,Goal,Penalty,Normal,Right Foot,,,,,,0.0,8.711529425084901,0.0,11.582331469684606,0.4458568328706036,1
f54870ec-c09c-4168-8090-323d7115e68a,3938643,Poland,Robert Lewandowski,81,22,2,108.7,26.8,From Throw In,0.08196821,Off T,Open Play,Normal,Left Foot,True,,,,,1.0,1.2947294008008652,2.0,13.455568213967261,1.9310350883149567,1
bb7a5621-a125-42ce-9333-f22048ca7717,3938643,Poland,Kacper Urbanski,83,57,2,95.5,32.7,From Corner,0.027794229,Blocked,Open Play,Half Volley,Right Foot,True,,,,,2.0,5.056726385998623,0.0,24.120567126374016,1.6727509391305944,1
a8212bd6-8410-40d0-b0c2-8ee98d152022,3938643,France,Olivier Giroud,84,45,2,107.7,41.7,Regular Play,0.102023974,Blocked,Open Play,Normal,Right Foot,True,,,,True,1.0,1.8197283182015709,1.0,10.890088355332963,1.4112746234349771,1
a5d1dd20-8e51-4324-9f0a-f5032d5a2f04,3938643,France,Olivier Giroud,86,27,2,110.2,38.3,From Corner,0.054901406,Blocked,Open Play,Normal,Head,,,,True,True,0.0,0.9578236365538085,4.0,9.127002295335771,1.3628596092908367,1
9d47c361-7cc0-491f-a90b-3969b2811daf,3938643,France,Youssouf Fofana,86,52,2,94.4,28.8,From Corner,0.023010036,Blocked,Open Play,Normal,Right Foot,True,,,,,1.0,4.683238448029458,2.0,23.782225622202162,3.973684426405555,1
e8509bcd-4f28-49cc-a7aa-9540cc488cad,3938643,France,Kylian Mbappé Lottin,91,22,2,100.9,29.8,From Corner,0.044415563,Saved,Open Play,Normal,Right Foot,,,,,,1.0,2.2930247360476796,2.0,18.410637005335346,3.107370588601782,1
751612e2-371f-4305-b847-120e116582ba,3938641,Austria,Stefan Posch,1,0,1,81.5,42.0,From Throw In,0.005845531,Saved,Open Play,Normal,Right Foot,,,,,,1.0,1.8764927077848292,1.0,35.2885816929435,3.2680050218771726,1
de9877c1-6b10-44b5-a1c4-da55f680eaf6,3938641,Austria,Gernot Trauner,8,45,1,115.0,33.0,From Throw In,0.12611173,Goal,Open Play,Normal,Head,,,,,,1.0,1.3261388164339019,2.0,4.0409089727949175,1.9085080947576785,1
69163bbf-24ab-4553-95db-1d2291368bc5,3938641,Austria,Marcel Sabitzer,9,57,1,107.5,45.2,Regular Play,0.11302879,Blocked,Open Play,Normal,Right Foot,True,,,,,0.0,3.1130424023084333,2.0,11.043306986434416,2.370853983421185,1
7efae1a9-97c2-4341-abf8-7c3ab3698f07,3938641,Austria,Marcel Sabitzer,16,1,1,105.5,38.4,Regular Play,0.066612996,Saved,Open Play,Half Volley,Right Foot,True,,,,,0.0,0.47083194741869105,1.0,12.61500248070779,2.115879367931143,1
19dd3e78-5b4a-40cd-988b-9288a289d679,3938641,Poland,Piotr Zieliński,16,33,1,104.5,43.5,From Keeper,0.11300054,Blocked,Open Play,Normal,Right Foot,,,,,,1.0,1.5725061457145006,4.0,10.894483124866658,4.854441193657664,1
313cfa45-55ab-4dc9-b168-d19893ef6100,3938641,Poland,Nicola Zalewski,17,57,1,106.7,29.1,From Throw In,0.09912066,Off T,Open Play,Normal,Right Foot,True,,,,,0.0,4.869399294118766,1.0,14.058355613884784,2.5015770132852992,1
5c16f58c-0cbc-4408-a9e0-a2223766b5b5,3938641,Poland,Piotr Zieliński,23,29,1,97.3,46.3,From Free Kick,0.034465805,Blocked,Open Play,Half Volley,Left Foot,,,,,True,1.0,1.676450186471779,2.0,21.970280363959553,1.3976305486837646,1
12d71375-7aee-40e1-92e3-c14bcdd67bdd,3938641,Poland,Piotr Zieliński,26,47,1,99.4,38.0,From Throw In,0.07402389,Blocked,Open Play,Normal,Right Foot,,,,,,1.0,6.835042622639101,0.0,18.38384208660495,2.2580890736059303,1
858b71bf-d008-4cc7-887c-c3e3b39085aa,3938641,Poland,Jan Bednarek,29,34,1,108.9,40.0,From Corner,0.20368662,Blocked,Open Play,Normal,Right Foot,True,,,,,1.0,4.973866295070593,1.0,9.042746397272605,2.3207088369053395,1
da70dc6f-386b-4dc8-8d60-28f8e2f3ed35,3938641,Poland,Krzysztof Piątek,29,36,1,113.8,41.6,From Corner,0.4451365,Goal,Open Play,Normal,Right Foot,,,,,,0.0,0.6620820907308299,1.0,4.674696058392374,1.6658079469456482,1
6395ee1e-bc7f-426f-b626-a47926ba4221,3938641,Austria,Marcel Sabitzer,38,24,1,106.9,32.0,Regular Play,0.13583574,Blocked,Open Play,Normal,Right Foot,,,,,,2.0,4.750735982826474,1.0,6.061540661361559,7.94233404020801,1
2276efd0-6a8e-44b2-ba5b-05d80ed95cc6,3938641,Austria,Marcel Sabitzer,41,28,1,90.9,36.1,Regular Play,0.020456407,Off T,Open Play,Normal,Right Foot,,,,,,0.0,3.0683856032484225,1.0,27.9615981139121,2.0061529351673073,1
d650b591-b0d1-4498-a193-f6d7bbf3a119,3938641,Poland,Piotr Zieliński,45,40,1,91.6,47.5,From Free Kick,0.04249511,Saved,Free Kick,Normal,Right Foot,,,,,,1.0,9.756103897869394,0.0,29.66509956361369,0.38775585982710936,1
c6893f0a-8bab-497b-a649-89498f55e3bc,3938641,Poland,Jakub Piotrowski,46,7,1,110.1,38.8,From Corner,0.04781311,Blocked,Open Play,Normal,Head,,,,True,True,1.0,0.891182221495457,5.0,8.87393347459845,1.2316123845561435,1
9562f5c4-2506-4629-8079-63cf5619db21,3938641,Austria,Stefan Posch,48,57,2,94.0,47.8,From Throw In,0.027307073,Blocked,Open Play,Normal,Right Foot,,,,,,2.0,5.472920988069502,0.0,24.35795022539001,2.444218784393385,1
94e9503d-ba3d-43db-b0d5-1c4bd97d999c,3938641,Austria,Stefan Posch,50,48,2,111.5,37.6,From Corner,0.062189415,Saved,Open Play,Normal,Head,,,,True,True,2.0,0.5648480790312744,3.0,8.28920589865557,0.8894666136666842,1
9d1bd9c6-e1a0-41c3-9561-58a6b2c69337,3938641,Poland,Krzysztof Piątek,51,25,2,95.3,42.6,From Keeper,0.04481905,Off T,Open Play,Normal,Right Foot,,,,,,0.0,2.4015391951844416,1.0,20.488350427660116,4.401992284754925,1
439da469-0b94-4bb9-92de-27fb8d16ddac,3938641,Austria,Marcel Sabitzer,54,3,2,103.6,26.7,From Counter,0.03803288,Blocked,Open Play,Normal,Left Foot,,,,,,0.0,1.3336770858671279,2.0,16.062277136672737,3.650675815097827,1
044443da-d620-4348-95cb-956e26ef58fa,3938641,Poland,Adam Buksa,56,8,2,103.9,42.4,From Free Kick,0.01743585,Blocked,Open Play,Normal,Head,,,,True,True,1.0,1.0561164847683142,5.0,11.510226875193261,5.152927222083434,1
dd97c44f-2cd2-4439-9424-26f585b4ef33,3938641,Poland,Piotr Zieliński,59,36,2,96.8,24.1,From Free Kick,0.04008755,Blocked,Free Kick,Normal,Right Foot,,,,,,3.0,9.35013406462743,0.0,28.770324410332062,0.6595813644326398,1
12c8962d-3d14-4614-be1e-2be5a6f51919,3938641,Poland,Paweł Dawidowicz,60,18,2,113.0,47.4,From Corner,0.06839087,Off T,Open Play,Normal,Head,,,,,,2.0,1.2596141050471708,3.0,9.054821385964283,2.2399613423608145,1
910d285f-16d4-41a7-8c00-ea7d66a88556,3938641,Austria,Christoph Baumgartner,65,58,2,102.5,36.3,From Throw In,0.14242558,Goal,Open Play,Normal,Right Foot,,,,,,0.0,0.7395256664429649,4.0,11.810298165966028,6.253215249940951,1
739e99a2-c965-4dd2-80cc-fc2e6d1dea9e,3938641,Poland,Karol Świderski,68,35,2,99.6,33.0,From Throw In,0.07291489,Saved,Open Play,Normal,Left Foot,,,,,,0.0,2.3354884197411603,2.0,18.235175816557867,3.0799604734562394,1
06519b55-64c9-45e0-aa15-f9bbcd78f4cf,3938641,Austria,Patrick Wimmer,74,15,2,103.1,44.4,Regular Play,0.062519945,Saved,Open Play,Normal,Right Foot,True,,,,,0.0,3.2114529555384115,2.0,13.387018941906982,3.6114757585246338,1
41ec28c4-f8a4-405c-b20a-328d18cadfa0,3938641,Austria,Nicolas Seiwald,75,35,2,95.9,35.7,From Throw In,0.033934437,Saved,Open Play,Half Volley,Right Foot,True,,,,,0.0,5.42886960153806,0.0,21.809241420828656,2.544308117375607,1
142f46bf-f06b-45a7-aa1a-51fa41f3123a,3938641,Austria,Marko Arnautović,77,50,2,108.0,40.0,Other,0.7835,Goal,Penalty,Normal,Right Foot,,,,,,0.0,8.86849617618422,0.0,10.964732403143044,1.035504741121244,1
a3676603-6885-489b-9e3e-7618ef10b14e,3938641,Austria,Stefan Posch,82,59,2,97.6,49.9,Regular Play,0.040483512,Saved,Open Play,Normal,Left Foot,,,,,,0.0,4.798442204252499,1.0,22.461686438004826,1.980996332099508,1
4dd7a606-dfa1-4e13-b24e-546c0825ee1b,3938641,Austria,Konrad Laimer,84,46,2,115.2,28.3,Regular Play,0.16341422,Off T,Open Play,Normal,Left Foot,,True,,,,0.0,4.008661711707763,1.0,2.1510392508243097,6.9280371046702385,1
055ade0a-b117-4879-b811-b22259c29c7b,3938641,Poland,Piotr Zieliński,86,0,2,91.4,48.8,From Corner,0.014394102,Off T,Open Play,Normal,Left Foot,True,,,,,2.0,3.8306704314135844,1.0,28.376536597923725,1.4138515798285312,1
e8acc59f-9ada-43c5-b3ef-2d6e65838559,3938641,Poland,Kamil Grosicki,92,20,2,112.7,32.9,From Throw In,0.12030749,Off T,Open Play,Volley,Left Foot,True,,,,,0.0,4.665509764890885,1.0,5.31027932537858,3.473854689086977,1
cb3f568f-1d9c-41fb-b556-067451a8a4c1,3938642,Czech Republic,Adam Hložek,2,11,1,110.7,30.3,From Throw In,0.11786606,Saved,Open Play,Half Volley,Left Foot,,,,,,0.0,3.1062747909386976,2.0,10.718389442219044,2.5806265102652617,1
1aa3ec1c-bcb4-41fc-9c3f-c522c01ed653,3938642,Czech Republic,Ladislav Krejčí,2,13,1,108.9,32.4,From Throw In,0.03927281,Blocked,Open Play,Overhead Kick,Right Foot,True,,,,,0.0,2.5971047147664494,2.0,11.28584506127854,2.9491423203938893,1
d98f2ca7-b7b5-4918-b1ed-f6fcbc64d8e6,3938642,Czech Republic,Patrik Schick,2,15,1,112.8,46.4,From Throw In,0.1550353,Saved,Open Play,Half Volley,Left Foot,True,,,,,0.0,1.3656840263070398,2.0,8.886030657413924,1.103510056575331,1
cb9c0290-7a82-40cc-81c5-52750af682b8,3938642,Czech Republic,Patrik Schick,3,2,1,105.6,41.2,From Corner,0.025926754,Saved,Open Play,Normal,Head,,,,True,True,0.0,0.3993403790697145,3.0,8.7334647815048,5.666570536776419,1
9d11f45d-4f93-4689-a1e6-91ab66ef54d0,3938642,Czech Republic,Václav Černý,7,5,1,99.6,52.7,Regular Play,0.030162912,Blocked,Open Play,Normal,Right Foot,,,,,,1.0,1.4014911026828183,3.0,20.80034389205555,2.932792117558293,1
1a3884fc-1184-493b-b3c1-7c6c49b30caf,3938642,Czech Republic,Patrik Schick,7,59,1,102.2,37.3,Regular Play,0.043804016,Blocked,Open Play,Normal,Left Foot,,,,,,1.0,2.0802449544963952,2.0,15.173545398832339,2.7611564436266036,1
e2eaeb75-0b9d-4e49-b092-b0c99d9d9939,3938642,Czech Republic,Lukáš Provod,12,30,1,93.5,44.0,From Free Kick,0.029279253,Blocked,Open Play,Normal,Right Foot,,,,,,0.0,3.6150385296938023,1.0,24.36207186601329,2.4197469342814486,1
a1a88c66-d2c2-4171-904c-fafca93f85be,3938642,Czech Republic,Patrik Schick,14,16,1,112.2,42.3,From Corner,0.085338846,Wayward,Open Play,Normal,Head,,,,True,True,0.0,0.7296446911254098,3.0,4.822663879872674,3.065889248463037,1
5fb8a800-1906-42f8-b259-4ee3e72ddf4c,3938642,Czech Republic,Ladislav Krejčí,22,1,1,108.5,42.3,From Throw In,0.041940983,Wayward,Open Play,Normal,Head,,,,True,True,0.0,1.0871055951124724,5.0,9.924228214480946,1.6751258615541929,1
583db0db-09f4-442d-b052-9598abdb2fa7,3938642,Czech Republic,Adam Hložek,22,3,1,113.9,35.8,From Throw In,0.29124188,Saved,Open Play,Half Volley,Right Foot,True,,,,True,0.0,0.1340642121081205,2.0,4.279927711639355,4.659423101708455,1
eb8d82e1-d324-49f1-ab3c-6b4842013e28,3938642,Czech Republic,Václav Černý,26,39,1,113.6,43.0,Regular Play,0.53146774,Saved,Open Play,Normal,Left Foot,True,,,,,0.0,2.814833211402577,2.0,2.7493916621761767,4.396643490444831,1
660badb8-0bbd-4886-9d1b-ed3473ed17b9,3938642,Czech Republic,Adam Hložek,28,8,1,101.1,27.1,From Free Kick,0.047878973,Saved,Open Play,Normal,Right Foot,,,,,,1.0,1.1223322827935727,2.0,19.12915435454622,3.115538477225016,1
2858372d-12a4-4551-a87d-dc739adefb56,3938642,Georgia,Otar Kakabadze,33,3,1,101.1,56.3,Regular Play,0.012979693,Blocked,Open Play,Normal,Left Foot,True,,,,,0.0,2.7408290413988996,1.0,22.631421224839997,2.1111322389574525,1
d54bfe16-4356-4892-9899-6144e547a033,3938642,Georgia,Georges Mikautadze,48,20,1,108.1,40.1,Other,0.7835,Goal,Penalty,Normal,Right Foot,,,,,,0.0,9.951348181497151,0.0,11.248697345618643,0.6920333401019434,1
42056c19-381d-4120-8fe9-85a4d5876b1b,3938642,Czech Republic,Patrik Schick,49,45,1,104.6,39.9,From Kick Off,0.11700317,Saved,Open Play,Normal,Left Foot,,,,,,1.0,1.6280950063741098,2.0,10.83426236293508,4.566294488807046,1
58b23a03-05ad-480e-9aa6-327a12205778,3938642,Czech Republic,Patrik Schick,50,52,2,109.3,41.0,Regular Play,0.047342736,Wayward,Open Play,Normal,Head,,,,True,True,0.0,1.04338189282238,3.0,8.343982784600431,3.092791513061883,1
700d99ca-9cdc-4b08-9e25-6f3d20afc157,3938642,Czech Republic,Ondřej Lingr,56,4,2,115.5,52.2,Regular Play,0.02231607,Blocked,Open Play,Normal,Right Foot,True,,,,,0.0,1.0356442469152878,1.0,8.230547204597622,2.081288777467222,1
e68f268e-204a-4d75-a65f-530f9aea2bb8,3938642,Czech Republic,David Jurásek,56,34,2,99.7,31.4,From Corner,0.038487274,Wayward,Open Play,Half Volley,Left Foot,True,,,,,4.0,3.0757725215036062,2.0,20.102667224244748,1.7407402973042991,1
980fa3f8-7ca9-4ff8-87ca-f5827d137436,3938642,Georgia,Anzor Mekvabishvili,56,46,2,102.9,34.8,From Counter,0.05346131,Off T,Open Play,Normal,Right Foot,,,,,True,0.0,0.808638361364035,3.0,13.188126986830536,4.217628036552412,1
d1fdc378-c651-40bf-98aa-64d59fb2a2e5,3938642,Czech Republic,Ondřej Lingr,58,6,2,115.1,44.1,From Corner,0.16812286,Post,Open Play,Normal,Head,,,,True,True,0.0,1.0526830329521664,2.0,6.927416503323929,3.8664251702286663,1
3ede987e-9251-4bd9-9467-605bdf40dfc0,3938642,Czech Republic,Patrik Schick,58,7,2,117.7,36.5,From Corner,0.719015,Goal,Open Play,Normal,Other,,True,True,,,0.0,1.9866982096385237,2.0,5.535489419003571,-0.16119037964264749,1
1a7ac57d-dc3d-47b1-8b4c-e61a7074c9b4,3938642,Czech Republic,Ladislav Krejčí,61,0,2,111.4,44.7,From Corner,0.059734687,Off T,Open Play,Normal,Head,,,,,,0.0,2.426967133345893,3.0,8.969495452223004,3.514669771199948,1
8b4e2fa3-5f2a-41b2-b22e-e64b05629666,3938642,Czech Republic,Matěj Jurásek,65,15,2,95.4,44.6,Regular Play,0.03587616,Saved,Open Play,Normal,Left Foot,,,,,True,0.0,2.6255147807862387,3.0,20.66004465492554,4.940086464415344,1
04c3699d-b091-496e-9c89-d3f3de0070af,3938642,Georgia,Khvicha Kvaratskhelia,70,16,2,91.7,36.6,From Throw In,0.023518495,Off T,Open Play,Normal,Right Foot,,,,,,0.0,2.930260309430204,1.0,25.20507899707213,3.257261871960864,1
a6f06ad9-63ad-4466-a212-c8460e56442a,3938642,Czech Republic,Ladislav Krejčí,71,21,2,82.5,28.6,From Goal Kick,0.005695847,Blocked,Open Play,Normal,Left Foot,,,,,,1.0,5.899348952413465,0.0,34.32469520011988,4.619268779188673,1
a0ec75fa-f012-478a-a197-9311d40efe9c,3938642,Czech Republic,David Jurásek,71,48,2,91.8,35.6,From Corner,0.02393963,Off T,Open Play,Normal,Right Foot,,,,,True,4.0,1.515491079568848,3.0,24.15005372513534,4.167268625845622,1
6b01db42-7f83-4d6f-ad90-144d57b3f3ea,3938642,Czech Republic,Mojmír Chytil,76,20,2,112.8,32.5,From Goal Kick,0.066270776,Off T,Open Play,Normal,Head,,,,True,True,0.0,0.5924039446405873,1.0,6.640788348981116,2.5220678522743327,1
c3cfea35-266d-4c0a-b723-a50633dee1b4,3938642,Czech Republic,Ondřej Lingr,77,15,2,100.9,45.2,From Counter,0.06684302,Saved,Open Play,Normal,Right Foot,,,,,True,0.0,1.215038074350826,3.0,15.157756044624648,4.557314392279352,1
e8361397-0802-47de-a840-a4f54dd2c7f6,3938642,Czech Republic,Matěj Jurásek,78,42,2,92.7,59.5,From Throw In,0.0065820687,Off T,Open Play,Normal,Left Foot,,,,,,1.0,6.580730316986447,0.0,30.668177733551044,3.2852135042570865,1
38f4abfd-fe88-4af6-9008-5f32a1c91be4,3938642,Czech Republic,Matěj Jurásek,93,38,2,101.0,23.0,Regular Play,0.029686315,Saved,Open Play,Normal,Right Foot,,,,,True,1.0,1.174657555057195,3.0,20.990844624503442,3.7288591928392236,1
e12f177c-1864-4082-a3d5-c408e9ff15be,3938642,Czech Republic,Tomáš Holeš,94,44,2,88.9,41.4,From Free Kick,0.01932125,Blocked,Open Play,Normal,Right Foot,True,,,,,1.0,9.205013471266815,0.0,27.76405049593846,3.542839791962791,1
53666e5d-89a4-4093-bfd6-6e338a4fe6cd,3938642,Georgia,Saba Lobzhanidze,94,55,2,108.1,49.2,From Counter,0.30646315,Off T,Open Play,Normal,Right Foot,True,,,,,0.0,7.596080081479288,0.0,6.892169376321682,6.389121718322528,1
ef50d692-5443-46ab-8184-3c364088f64d,3938639,Turkey,Kaan Ayhan,5,28,1,113.7,37.4,From Corner,0.109281614,Off T,Open Play,Normal,Head,,,,True,True,0.0,1.070688372797377,6.0,4.183785837285062,2.241737862070508,1
e5ea0903-0e04-4679-a859-1a118b61e8d5,3938639,Turkey,Hakan Çalhanoğlu,6,50,1,99.0,59.3,Regular Play,0.0104925465,Blocked,Open Play,Normal,Right Foot,,,,,,1.0,6.198764661976554,0.0,24.168996598826563,1.6146404266316523,1
ac2f83da-2a5d-4a83-937d-9b88c1012ced,3938639,Turkey,Abdülkerim Bardakcı,9,3,1,113.4,36.5,From Corner,0.11773408,Off T,Open Play,Normal,Head,,,,True,True,0.0,0.6276842759572182,6.0,4.90501405474053,1.850466288727688,1
01957648-4082-47e8-a258-648fd84a4514,3938639,Turkey,Kaan Ayhan,9,43,1,98.2,32.6,Regular Play,0.047329877,Post,Open Play,Normal,Right Foot,True,,,,,1.0,3.2245249847009654,1.0,20.0498951540325,2.673666446560304,1
4c2e0fa3-7dd5-47e9-b3ba-7c5ce09411a8,3938639,Georgia,Anzor Mekvabishvili,10,54,1,92.7,40.9,From Throw In,0.027525524,Saved,Open Play,Normal,Right Foot,,,,,,2.0,4.279607848634915,2.0,24.23673112177536,3.0644835691930865,1
ddce699e-a1b3-4ac5-9ff4-3697f567926b,3938639,Georgia,Georges Mikautadze,11,36,1,101.3,25.7,From Corner,0.030906457,Off T,Open Play,Normal,Right Foot,,,,,,,,,,,0
d678e954-447d-4531-a9eb-3b4a7bb08a16,3938639,Turkey,Kenan Yildiz,13,25,1,111.6,20.7,From Throw In,0.010085153,Saved,Open Play,Normal,Left Foot,,,,,,0.0,1.0551560439282406,2.0,17.44816081855171,2.5168967426798616,1
9ff5ce55-a660-40f0-8fd4-248bf7527afe,3938639,Turkey,Hakan Çalhanoğlu,20,33,1,103.3,31.0,Regular Play,0.04039659,Off T,Open Play,Half Volley,Right Foot,,,,,,1.0,0.812496277404093,3.0,15.906881358648041,2.270070448040798,1
37465a0b-5c3d-4022-9d28-f6d2dcb597b2,3938639,Turkey,Orkun Kökçü,22,29,1,92.6,29.1,From Free Kick,0.021431247,Blocked,Open Play,Normal,Right Foot,,,,,,1.0,2.1367974437191566,2.0,26.83200972310608,2.4186456509718397,1
4ed4c7c2-db61-4c4b-a287-dd9c6604a166,3938639,Turkey,Mert Müldür,24,57,1,102.6,48.7,Regular Play,0.04871227,Goal,Open Play,Volley,Right Foot,True,,,,,2.0,0.9553188425181671,1.0,17.320306801901857,1.5636238627810144,1
59fa2d87-fde4-4bea-9843-73d6ed21dffa,3938639,Turkey,Orkun Kökçü,26,33,1,111.6,45.6,Regular Play,0.32288,Wayward,Open Play,Normal,Right Foot,True,,,,,0.0,2.5070846236847713,2.0,5.75616462740726,3.2787333268335885,1
3de74f90-5608-49e3-b02b-32326aea98d1,3938639,Georgia,Heorhii Tsitaishvili,29,12,1,110.0,20.4,From Free Kick,0.008763675,Saved,Open Play,Normal,Left Foot,,,,,,,,,,,0
4f631343-e674-4df8-aa7c-3c961fbf7beb,3938639,Georgia,Georges Mikautadze,31,44,1,111.2,49.7,From Throw In,0.19899806,Goal,Open Play,Normal,Right Foot,True,,,,,0.0,3.074288758088364,3.0,8.755037344762423,1.7029936674876467,1
252624d2-fc78-46f2-8dac-bbe7fb8cc962,3938639,Georgia,Georges Mikautadze,34,50,1,107.1,41.9,From Free Kick,0.15692246,Off T,Open Play,Volley,Right Foot,True,,,,True,0.0,1.0432355249142016,3.0,7.377290788565508,5.923832482480009,1
d36eb416-061c-4caf-8a5b-0fd255a5796c,3938639,Georgia,Giorgi Kochorashvili,36,32,1,98.4,37.4,Regular Play,0.04459064,Blocked,Open Play,Normal,Right Foot,True,,,,,0.0,2.1560763415570996,3.0,15.614269591244385,6.166528666199952,1
dffd4df9-187f-44f7-9f80-e9c369a5fdd7,3938639,Turkey,Kaan Ayhan,39,30,1,107.1,34.6,From Free Kick,0.07663289,Blocked,Open Play,Half Volley,Left Foot,,,,,,3.0,1.9165379681246075,3.0,12.19767070257332,1.2838844874916902,1
676ab6dd-f8f3-46ef-9938-b33c5b35f07d,3938639,Turkey,Ferdi Erenay Kadıoğlu,40,43,1,73.2,39.2,Regular Play,0.004520179,Off T,Open Play,Normal,Right Foot,True,,,,,2.0,2.979729498041816,1.0,,,1
a10d2757-1fa2-48c1-9dbc-c6fe017022db,3938639,Turkey,Mert Müldür,45,27,2,111.7,46.2,From Kick Off,0.39194897,Saved,Open Play,Normal,Left Foot,True,,,,,0.0,2.4590040666380406,3.0,7.2796702704010485,1.9285682758584244,1
9412e6af-99dc-4479-827a-61c05e7f5b00,3938639,Turkey,Barış Alper Yılmaz,47,34,2,107.9,49.7,Regular Play,0.08905159,Blocked,Open Play,Normal,Left Foot,,,,,True,0.0,1.4931134797402266,4.0,11.931843793614263,2.735357864310771,1
e035665a-7d65-45f3-836f-d4c9c9aa2e29,3938639,Georgia,Heorhii Tsitaishvili,48,28,2,112.5,22.7,From Free Kick,0.010639418,Saved,Open Play,Normal,Left Foot,,,,,,0.0,3.70077692008767,1.0,14.786900143454131,0.808345543814923,1
c58c5806-323a-42f0-8c00-ddd046719770,3938639,Georgia,Georges Mikautadze,51,0,2,111.1,36.6,Regular Play,0.071241885,Blocked,Open Play,Half Volley,Right Foot,,,,,,0.0,1.269704677553755,2.0,6.783651037731483,2.562382034907529,1
5b47102b-169b-4c11-afbd-2f744cb0533a,3938639,Turkey,Hakan Çalhanoğlu,56,21,2,93.2,31.5,From Free Kick,0.048409604,Saved,Free Kick,Normal,Right Foot,,,,,,2.0,9.895190253344923,0.0,27.038696228239832,1.214604829902612,1
93e807c8-575a-4551-9b81-d443abdc0048,3938639,Turkey,Kenan Yildiz,59,6,2,101.2,24.7,Regular Play,0.012807231,Blocked,Open Play,Normal,Right Foot,,,,,True,0.0,1.4707881749561749,1.0,21.414981517598477,2.55958779109298,1
1e43023a-19f7-4c91-8591-bd79e3fa07d6,3938639,Turkey,Mert Müldür,59,53,2,96.6,51.5,Regular Play,0.026884427,Blocked,Open Play,Normal,Right Foot,,,,,,1.0,3.3066330740183885,1.0,23.164553420558683,2.4833995435949703,1
43615d41-9179-4712-a6fc-a12026c16ba6,3938639,Turkey,Hakan Çalhanoğlu,60,8,2,95.8,46.1,Regular Play,0.02077125,Off T,Open Play,Normal,Right Foot,True,,,,True,0.0,0.9226190490171056,1.0,21.7524118884325,2.938911782927903,1
14a311ca-70d3-4cd1-a456-b2b0c752f4e2,3938639,Georgia,Khvicha Kvaratskhelia,61,49,2,109.4,30.4,From Keeper,0.12805878,Off T,Open Play,Normal,Right Foot,True,,,,,1.0,4.1702041984669345,1.0,11.60224679491548,1.339051071778158,1
32b4bd54-0cae-4af6-9472-505729fb183d,3938639,Turkey,Arda Güler,64,54,2,95.5,53.4,Regular Play,0.018738218,Goal,Open Play,Normal,Left Foot,,,,,,0.0,4.442262842667316,1.0,24.86153808270572,2.8638298461261655,1
8c1ac518-f315-4396-bb64-c61e3ee8a60b,3938639,Turkey,Orkun Kökçü,68,5,2,108.9,36.5,Regular Play,0.35099584,Wayward,Open Play,Normal,Left Foot,True,,,,,0.0,2.5459222390700047,2.0,7.7389587526858215,3.3734023108458757,1
c3e3c10f-766c-459b-8804-9ccc368a6898,3938639,Georgia,Giorgi Kochorashvili,69,16,2,107.6,41.5,From Free Kick,0.3773847,Post,Open Play,Normal,Right Foot,,,,,True,0.0,0.8968566899311217,2.0,4.163186275579382,8.2398342278332,1
76851339-f567-418e-b326-a02a100d3369,3938639,Turkey,Orkun Kökçü,71,27,2,52.0,38.1,Regular Play,0.0030440427,Wayward,Open Play,Lob,Right Foot,,,,,,0.0,11.641231558967235,0.0,,,1
5282047d-e3b5-4a3d-95fd-5e2dc786eb9d,3938639,Georgia,Luka Lochoshvili,74,35,2,111.2,32.3,From Throw In,0.050998244,Wayward,Open Play,Normal,Head,,,,,,1.0,1.1446739088643525,2.0,7.000878253274613,2.652469282626413,1
665e6da0-161f-414b-aa32-08571808b154,3938639,Turkey,Yusuf Yazıcı,86,23,2,111.8,37.6,Regular Play,0.15887032,Saved,Open Play,Normal,Head,,True,,,,0.0,0.855167571474361,1.0,7.690440028550619,3.1651611728518247,1
e5964a02-3834-4b21-9a04-22d7047ad7bb,3938639,Georgia,Budu Zivzivadze,92,46,2,114.8,32.5,Regular Play,0.057229597,Blocked,Open Play,Volley,Left Foot,True,,,,True,0.0,0.06937704155339779,2.0,6.036909563775158,0.9364074140246288,1
d56c23ee-6111-4e6c-9d31-9d689e2dc4f7,3938639,Georgia,Giorgi Kochorashvili,92,47,2,111.4,37.4,Regular Play,0.3389554,Off T,Open Play,Half Volley,Left Foot,True,,,,,0.0,1.6394249738323945,2.0,6.046398182797167,2.7672691925142914,1
3051c173-f536-4439-bf40-6685a1b47aa1,3938639,Georgia,Zuriko Davitashvili,95,29,2,108.9,45.6,From Free Kick,0.07635267,Blocked,Open Play,Half Volley,Right Foot,True,,,,,4.0,1.6939052036335491,2.0,,,1
959fe6a6-e76e-4a2a-aa2a-a4c07ef00af9,3938639,Turkey,Muhammed Kerem Aktürkoğlu,96,29,2,96.1,52.9,From Corner,0.4724009,Goal,Open Play,Normal,Right Foot,,True,True,,,0.0,3.6194268176723248,1.0,12.36473981798873,32.03688761116092,1
ea79fd91-2eb0-452b-a35d-a441525b0fd4,3938638,Ukraine,Viktor Tsygankov,6,52,1,97.1,35.4,Regular Play,0.046381094,Blocked,Open Play,Normal,Left Foot,True,,,,,1.0,2.9367678396471804,1.0,17.987456278344446,5.57425738703931,1
aaafff07-d375-4dfa-bd89-0d5495cab283,3938638,Romania,Florinel Teodor Coman,7,40,1,89.9,33.0,Regular Play,0.024980098,Saved,Open Play,Normal,Right Foot,,,,,,0.0,8.819496770382898,0.0,27.222020213717816,3.445081022359062,1
9ff68974-1bf6-464d-9da8-385b09185db9,3938638,Ukraine,Georgiy Sudakov,11,41,1,99.8,30.0,Regular Play,0.028104939,Blocked,Open Play,Normal,Right Foot,,,,,,1.0,2.454192610597228,1.0,20.08550387847755,2.6879183028236895,1
12aacf6c-7c20-41d0-a3cd-581fcf7edde6,3938638,Ukraine,Artem Dovbyk,21,29,1,93.3,39.3,From Corner,0.041105933,Off T,Open Play,Normal,Left Foot,,,,,,1.0,1.8052991694220057,2.0,19.637319486851766,7.063200261474776,1
c459bd16-2837-4f00-8059-21c04f513544,3938638,Romania,Nicolae Claudiu Stanciu,28,46,1,96.6,45.0,Regular Play,0.046266142,Goal,Open Play,Normal,Right Foot,True,,,,True,0.0,0.48794890758718995,1.0,21.372276620528595,2.2171450929417347,1
1dc25330-5788-4dde-8226-a437f35fe0db,3938638,Ukraine,Viktor Tsygankov,37,33,1,102.6,42.1,From Goal Kick,0.06380467,Blocked,Open Play,Normal,Left Foot,,,,,,0.0,1.837168071966563,2.0,11.561779437833035,5.882444135450072,1
d91e2d20-2c17-4985-af50-5b5bcc3910ee,3938638,Romania,Dennis Man,37,54,1,101.2,58.1,Regular Play,0.021797933,Blocked,Open Play,Normal,Left Foot,,,,,,0.0,3.4865405218342462,1.0,24.201390262482512,1.9331249634357022,1
78116cc8-afbe-4bae-975b-57ce6983d045,3938638,Romania,Nicolae Claudiu Stanciu,38,43,1,120.1,0.8,From Corner,0.00018,Post,Corner,Normal,Right Foot,,True,,,,,,,,,0
744c9066-6ea8-44ce-80d5-a56933d761c6,3938638,Romania,Florinel Teodor Coman,45,28,2,104.0,26.5,Regular Play,0.03314492,Off T,Open Play,Normal,Right Foot,,,,,,1.0,2.6728642905579107,3.0,17.58523356061568,0.5309172940053344,1
e61f6abb-a7b7-4bd8-bb10-ac985ab37d3a,3938638,Ukraine,Georgiy Sudakov,49,4,2,93.6,22.0,Regular Play,0.008008759,Off T,Open Play,Normal,Right Foot,,,,,,1.0,2.5393213849959335,1.0,28.649262748777737,3.367052998750495,1
558af90a-9dbf-4723-a8a4-044627f315c5,3938638,Ukraine,Mykhailo Mudryk,51,42,2,108.4,27.6,From Corner,0.031143205,Blocked,Open Play,Normal,Right Foot,,,,,True,0.0,1.4750937903134864,3.0,13.816079574936213,2.0178622667553725,1
d0dd7a7a-038e-493d-89a6-b63d8cb8809a,3938638,Romania,Răzvan Gabriel Marin,52,24,2,93.2,49.7,Regular Play,0.019967925,Goal,Open Play,Normal,Right Foot,True,,,,True,2.0,4.0911207821547855,1.0,28.225523712942152,0.23248860078523137,1
38a5ab69-42d2-4894-9d19-36e3c9a69de5,3938638,Romania,Nicolae Claudiu Stanciu,55,52,2,98.3,43.3,Regular Play,0.07114553,Blocked,Open Play,Normal,Right Foot,,,,,,0.0,5.828708448459081,0.0,20.318960760592006,1.720285114593679,1
f2e6d32e-b743-4f34-8e72-0877ba14e61f,3938638,Romania,Andrei Florin Ratiu,56,0,2,110.4,56.7,Regular Play,0.013371198,Saved,Open Play,Normal,Right Foot,True,,,,,0.0,2.1123242861153675,2.0,11.42733094871617,3.9978547397602426,1
748f4f64-4894-4934-ac41-52aec8517ba6,3938638,Romania,Denis Mihai Drăguş,56,27,2,116.3,41.2,From Corner,0.8830415,Goal,Open Play,Normal,Left Foot,True,,True,,,0.0,1.6118270046986414,2.0,3.0831705190445478,1.7970230326637875,1
8f508435-216d-4f3c-b516-e5d4207def4f,3938638,Ukraine,Andriy Yarmolenko,64,9,2,103.5,46.3,From Free Kick,0.05293641,Off T,Open Play,Half Volley,Left Foot,True,,,,,1.0,2.7409560346820117,1.0,15.672451012815714,3.845691265879509,1
56b4a557-cf5e-4584-814e-e4ff0ae54fb1,3938638,Romania,Nicolae Claudiu Stanciu,67,43,2,111.2,5.6,From Free Kick,0.007156054,Off T,Free Kick,Normal,Right Foot,,,,,,0.0,16.113327640772294,0.0,38.26257740367451,4.122095083901655,1
95c06d03-ab49-4e39-a9b4-f7a3550f0537,3938638,Ukraine,Georgiy Sudakov,70,7,2,94.8,24.9,From Free Kick,0.038833655,Blocked,Free Kick,Normal,Right Foot,,,,,,4.0,9.42324809393501,0.0,26.714288461245356,2.185984779920247,1
fadf47c7-536c-4787-bf54-af348f95e12b,3938638,Ukraine,Georgiy Sudakov,76,10,2,93.3,40.3,From Free Kick,0.03194495,Saved,Open Play,Normal,Right Foot,,,,,,1.0,2.802708744529931,2.0,23.94731899754696,2.7614261911824087,1
deec9906-e246-4648-8b3f-7329ed5f2df9,3938638,Ukraine,Roman Yaremchuk,77,8,2,98.6,43.1,From Free Kick,0.05042256,Blocked,Open Play,Normal,Right Foot,,,,,,0.0,0.32110195295535837,2.0,19.172038835169857,2.274897132973649,1
0404af62-dfa7-48d2-9366-ee5df1fe4f63,3938638,Ukraine,Mykhailo Mudryk,83,27,2,110.4,27.6,From Counter,0.11517301,Off T,Open Play,Normal,Left Foot,True,,,,,0.0,1.1118610034547374,1.0,8.21105538357282,5.007746039937274,1
ccdaccd3-e64b-49e1-bd0e-efb1ee3d8662,3938638,Ukraine,Roman Yaremchuk,91,13,2,112.4,55.2,From Throw In,0.027714925,Post,Open Play,Half Volley,Right Foot,True,,,,True,0.0,7.045871088578409,0.0,14.408146195264806,6.084290018635528,1
b213f455-3476-48b0-afe0-9da13165b215,3938638,Ukraine,Mykhailo Mudryk,93,23,2,82.6,30.8,Regular Play,0.007901854,Saved,Open Play,Normal,Right Foot,,,,,,1.0,4.703070819900326,1.0,32.272138259779894,5.90770811491825,1
cd318289-0578-47ae-8cc6-7509928146c2,3938640,Slovakia,Lukáš Haraslín,9,35,1,108.9,26.0,From Keeper,0.054630604,Saved,Open Play,Normal,Left Foot,,,,,,0.0,4.093872153163171,2.0,14.495144764831597,2.537677889998207,1
27f2d4b3-92a4-47b9-a45d-e626f53b784f,3938640,Slovakia,Ivan Schranz,10,2,1,116.4,47.1,From Keeper,0.1294898,Saved,Open Play,Volley,Right Foot,True,,,,,0.0,1.4462575906876938,1.0,5.102333043273375,1.1798219699559382,1
637aefa4-591b-470b-b8a5-047cee7ce8da,3938640,Slovakia,Ondrej Duda,11,23,1,99.9,24.0,From Keeper,0.02533847,Off T,Open Play,Normal,Right Foot,,,,,,1.0,2.6383324081543793,1.0,24.054944280513634,1.7020877466495676,1
6dd55748-e274-4967-bf3d-0fb4bc034531,3938640,Ukraine,Volodymyr Brazhko,12,50,1,92.5,36.0,From Goal Kick,0.02577948,Saved,Open Play,Normal,Right Foot,,,,,,2.0,5.801186169393022,0.0,26.211431782946686,1.4624299996570755,1
f2709e18-4ed4-42bc-b82f-9fc3bdf26532,3938640,Slovakia,Dávid Hancko,16,27,1,99.7,50.8,From Free Kick,0.078277074,Saved,Free Kick,Normal,Left Foot,,,,,,4.0,8.985048148631565,0.0,22.841861306621826,0.9016827253014412,1
72247bbc-f0ba-42cd-baa3-999a353b2714,3938640,Slovakia,Ivan Schranz,16,56,1,114.4,45.7,From Throw In,0.14396761,Goal,Open Play,Normal,Head,,,,,,0.0,1.7108821951252908,1.0,4.566270415480268,2.5448430406286633,1
e82c275a-7c84-4a61-8ba9-53ae62ba5e90,3938640,Ukraine,Mykhailo Mudryk,22,1,1,93.2,41.7,From Throw In,0.03218591,Off T,Open Play,Normal,Right Foot,,,,,,1.0,6.4635871935601905,0.0,23.066389635244818,3.7725151763043527,1
b5425b91-c64a-4df6-8a75-5b2806de8ecf,3938640,Ukraine,Artem Dovbyk,27,39,1,112.5,29.1,Regular Play,0.055954177,Blocked,Open Play,Normal,Left Foot,,,,,True,0.0,0.11754276555241125,2.0,7.828809892091732,2.2564367823408844,1
4ce93cd6-9afc-4d30-8030-55af3a06e0a7,3938640,Ukraine,Mykhailo Mudryk,28,29,1,104.4,24.3,From Corner,0.028492702,Blocked,Open Play,Half Volley,Right Foot,,,,,,1.0,3.1336780308655787,1.0,19.137431581229016,1.8660498324712194,1
ec556f1c-0910-44bf-880a-29745c48d92b,3938640,Ukraine,Andriy Yarmolenko,28,30,1,111.9,45.2,From Corner,0.3173499,Off T,Open Play,Volley,Left Foot,True,,,,,0.0,3.9080767379492376,2.0,8.667774598915429,5.009071594646727,1
3327fb7b-9994-4439-85ae-8c71f50e5e10,3938640,Ukraine,Andriy Yarmolenko,33,6,1,109.1,45.7,From Free Kick,0.1337551,Blocked,Open Play,Normal,Left Foot,True,,,,,1.0,1.59205958249853,2.0,5.491554972587157,5.421550612413881,1
10f4679d-64d0-4821-b510-c83b5da16c8e,3938640,Ukraine,Oleksandr Zinchenko,42,9,1,106.5,65.2,From Free Kick,0.0076609575,Saved,Free Kick,Normal,Left Foot,,,,,,2.0,10.624145751113813,0.0,28.14076003910289,0.32024569497295374,1
e4cc6adb-46dc-406c-8795-0fc652336f3f,3938640,Slovakia,Lukáš Haraslín,43,11,1,100.3,31.4,From Goal Kick,0.061842117,Saved,Open Play,Normal,Right Foot,,,,,True,0.0,1.9713699659470652,4.0,18.606632106805506,2.692135743214422,1
81b7852c-9ace-4062-87fa-9beda9912f3a,3938640,Slovakia,Juraj Kucka,43,58,1,102.8,39.2,From Corner,0.032029018,Wayward,Open Play,Overhead Kick,Right Foot,True,,,,,1.0,1.9096979086456434,3.0,11.081642834575833,7.87592083414026,1
7a9f009c-f522-40ae-a474-e31fbf748564,3938640,Ukraine,Artem Dovbyk,50,40,2,115.1,43.7,From Free Kick,0.319456,Wayward,Open Play,Normal,Head,,True,,,,0.0,2.6303354967915396,1.0,2.3821998034808356,2.636999000871299,1
4500f096-c934-4f1a-a2f3-b4f81c4e30e7,3938640,Ukraine,Mykola Shaparenko,53,7,2,108.8,37.3,Regular Play,0.23976156,Goal,Open Play,Normal,Left Foot,True,,,,,0.0,4.030458316746899,1.0,9.162658279847836,2.078028240256316,1
5b0466c1-66ca-4da7-b82f-67d411631602,3938640,Slovakia,Ivan Schranz,57,42,2,97.3,59.2,Other,0.008721116,Blocked,Open Play,Normal,Left Foot,,,,,,1.0,2.9357589157539308,1.0,26.33787999281274,3.3834700185406064,1
81145424-f9ee-493d-818a-8e098e3f66d6,3938640,Ukraine,Roman Yaremchuk,68,40,2,113.6,32.9,From Corner,0.06388939,Blocked,Open Play,Normal,Head,,,,True,True,1.0,1.0942250637727637,3.0,8.812808356071951,2.525242442034312,1
96d2494d-87ee-49f9-b51b-0c776bce9290,3938640,Slovakia,Peter Pekarík,73,23,2,97.8,55.1,Regular Play,0.024953041,Blocked,Open Play,Normal,Left Foot,,,,,,2.0,3.0631408918306766,1.0,24.315842068108623,2.448229892358853,1
d50772db-7c50-49e5-80d5-157cf79bc1ec,3938640,Ukraine,Mykhailo Mudryk,73,44,2,113.7,27.7,From Counter,0.082766004,Saved,Open Play,Normal,Left Foot,True,,,,,0.0,2.5047416171029853,1.0,10.346568404311347,1.3023538028885184,1
4feee853-9058-410c-81c1-0d39cbed3b8e,3938640,Ukraine,Georgiy Sudakov,76,20,2,97.8,28.6,From Throw In,0.03816442,Blocked,Open Play,Normal,Left Foot,,,,,True,1.0,0.9602645394662227,1.0,22.378524419505194,2.522331023194482,1
62045ae1-e364-40ed-a0d1-801c4f47125e,3938640,Ukraine,Roman Yaremchuk,79,5,2,114.8,49.2,From Throw In,0.38643968,Goal,Open Play,Normal,Right Foot,,True,,,,0.0,2.228562286402438,1.0,1.9626507809080527,4.077452612305791,1
3b5b5d3a-bc29-49f9-bb4f-3f2a647385c1,3938640,Slovakia,László Bénes,80,54,2,104.1,45.7,From Throw In,0.08046466,Blocked,Open Play,Normal,Right Foot,True,,,,,0.0,3.338101822539754,1.0,13.331473573113664,3.3480924287490694,1
b1c69451-036f-4df7-a5ba-554cd3640c73,3938640,Slovakia,Juraj Kucka,81,17,2,107.8,43.4,From Throw In,0.03774482,Off T,Open Play,Normal,Head,,,,True,True,0.0,0.5048733315841568,4.0,11.5831271263178,1.6673859495630552,1
a68dbdff-f7d0-4dc5-8d95-635b12e44f5d,3938640,Slovakia,Juraj Kucka,84,9,2,92.1,21.7,From Free Kick,0.0087996805,Off T,Free Kick,Normal,Right Foot,,,,,,1.0,10.465302067519898,0.0,30.780992075650882,2.5080519519117956,1
e0b188a4-2398-4b7c-ae93-b10f10d27a60,3938640,Slovakia,Denis Vavro,89,22,2,115.2,29.9,From Corner,0.041888792,Off T,Open Play,Normal,Head,,,,True,True,1.0,0.8413657688909372,4.0,6.291300447929638,3.3298258240790233,1
6c3c586d-5d57-4c58-b87e-bd56ae041876,3938640,Slovakia,Milan Škriniar,94,16,2,85.8,38.5,From Throw In,0.01799174,Blocked,Open Play,Normal,Right Foot,,,,,,1.0,3.1111148058552076,1.0,32.728185529363685,1.503789430016866,1
eaa36dd2-f21a-4143-93be-74135d45852e,3938637,Netherlands,Cody Mathès Gakpo,1,45,1,110.1,23.0,From Throw In,0.010196376,Saved,Open Play,Normal,Right Foot,,,,,,0.0,0.7683568331731876,2.0,15.633667348333416,2.579657028738609,1
93b0ae16-c65f-4fd0-bb07-ea25e8e23601,3938637,Netherlands,Cody Mathès Gakpo,5,2,1,112.3,34.1,Regular Play,0.11391678,Wayward,Open Play,Normal,Head,,True,,True,True,0.0,1.1621729987162068,1.0,8.165957831657249,1.261388593928089,1
fea7a199-036d-47b8-bb1a-eba3a1e4b059,3938637,Poland,Bartosz Salamon,7,22,1,54.2,44.2,From Free Kick,0.0034011703,Wayward,Open Play,Lob,Right Foot,,,,,,0.0,1.6439457258092698,1.0,,,1
4c31fd57-2346-432c-8e4e-cc91b9eefa1b,3938637,Netherlands,Tijjani Reijnders,8,54,1,106.1,42.8,From Throw In,0.114312105,Off T,Open Play,Normal,Right Foot,True,,,,True,1.0,1.4409468984185636,2.0,11.121469628812367,2.78565904540622,1
4bd77197-f1af-4b3b-870c-25f7e89aaa90,3938637,Poland,Adam Buksa,9,49,1,107.9,55.5,From Goal Kick,0.04367851,Blocked,Open Play,Normal,Right Foot,,,,,,0.0,1.094535643546346,1.0,14.70107306314453,2.8772327445215495,1
69efc980-9244-4e1a-b344-04b5b7897375,3938637,Netherlands,Xavi Simons,13,34,1,98.4,58.0,From Free Kick,0.015395193,Off T,Open Play,Normal,Right Foot,,,,,,1.0,5.378850202173422,0.0,24.79217837252876,2.9739205084916875,1
4ba3377a-2d4f-455e-ae0a-d5d0aea183dc,3938637,Poland,Adam Buksa,15,50,1,114.6,33.6,From Corner,0.08721661,Goal,Open Play,Normal,Head,,,,True,True,1.0,0.721085673655457,5.0,7.740198472585998,3.1835553631694893,1
901d7ac9-a454-48af-9284-7a9bc8f2e152,3938637,Netherlands,Virgil van Dijk,19,28,1,107.0,38.9,From Corner,0.033487294,Saved,Open Play,Volley,Right Foot,True,,,,True,2.0,1.1805770075312365,3.0,11.90565200745275,1.1954108956280152,1
8a2b644a-fd55-49b8-bc8b-a3dc4b10f72f,3938637,Netherlands,Memphis Depay,21,16,1,104.8,40.8,From Counter,0.11201969,Off T,Open Play,Half Volley,Right Foot,True,,,,,0.0,2.983005565503751,3.0,10.355683417714369,4.870648646494033,1
84fb5f7f-51ce-4bce-9e50-c58fb0935aa4,3938637,Netherlands,Memphis Depay,22,46,1,112.1,53.4,Regular Play,0.08160148,Wayward,Open Play,Normal,Right Foot,True,,,,,0.0,5.177599970077824,0.0,10.089214408309873,3.378170515899839,1
07740f62-0c31-4916-9604-65577221699c,3938637,Netherlands,Denzel Dumfries,26,42,1,110.1,43.1,Regular Play,0.110036224,Wayward,Open Play,Normal,Head,,,,,,0.0,2.2942636469803994,1.0,9.352619569262785,3.326714786704997,1
88b2f66c-7e84-40ef-aa5f-c29269653587,3938637,Netherlands,Tijjani Reijnders,26,43,1,118.5,33.7,Regular Play,0.075011835,Blocked,Open Play,Normal,Head,,,,True,True,0.0,1.3006143270873445,2.0,4.250065937252201,0.5033760124929074,1
d7e4dab5-9728-4793-ac68-24a7eb26a439,3938637,Netherlands,Cody Mathès Gakpo,27,51,1,101.1,19.6,From Corner,0.010005396,Off T,Open Play,Normal,Right Foot,,,,,True,0.0,2.4483337208311364,3.0,24.29506204098864,2.6133793199986144,1
8604f989-3b09-4587-94de-2184479443bb,3938637,Netherlands,Cody Mathès Gakpo,28,49,1,97.7,34.5,Regular Play,0.048307355,Goal,Open Play,Normal,Right Foot,,,,,,0.0,2.1547523405878266,3.0,19.540694082263684,3.4779097618711603,1
37fa3b3d-f515-4daa-8dc8-e733be72cd0b,3938637,Poland,Jakub Piotr Kiwior,31,27,1,109.5,23.2,From Free Kick,0.018577162,Saved,Open Play,Half Volley,Left Foot,,,,,,0.0,3.033243531609142,2.0,15.275873303193167,3.3826229116311026,1
bd754432-eb58-458e-a473-6690d70aad7e,3938637,Netherlands,Cody Mathès Gakpo,41,45,1,112.6,34.0,From Free Kick,0.107844956,Off T,Open Play,Normal,Right Foot,True,,,,True,0.0,2.0160737428304425,2.0,7.106835060622935,1.0093583143408864,1
bab474ef-5bed-4da3-96d8-d10ecdfa6560,3938637,Netherlands,Tijjani Reijnders,44,56,1,92.3,29.7,From Throw In,0.01554486,Off T,Open Play,Normal,Right Foot,,,,,,2.0,3.1263846036667444,1.0,28.000336003356782,1.5756755280066557,1
b4b36459-82ec-45b0-8b86-d4dc39f5ecc1,3938637,Netherlands,Memphis Depay,45,58,1,108.0,50.5,Regular Play,0.15418267,Off T,Open Play,Half Volley,Right Foot,,,,,,0.0,2.2381096180659257,3.0,10.690724251073519,4.055736973642894,1
8229689e-6d3f-4c9b-be4b-2378af747946,3938637,Netherlands,Xavi Simons,47,35,2,95.3,49.4,From Throw In,0.021836616,Blocked,Open Play,Normal,Right Foot,,,,,,0.0,4.0153250078197855,2.0,24.740837879023413,1.5630014522804032,1
ca63c085-e589-4a60-bfd8-905b9c593084,3938637,Netherlands,Tijjani Reijnders,47,47,2,98.4,53.0,From Throw In,0.031454585,Blocked,Open Play,Normal,Right Foot,,,,,,0.0,4.146527834828546,1.0,21.632319626110576,3.105270454203634,1
ac966c58-ae2d-46e1-ab5a-0bea685d5ff5,3938637,Netherlands,Memphis Depay,48,7,2,83.3,34.1,From Throw In,0.01068202,Off T,Open Play,Normal,Right Foot,,,,,,0.0,5.216586391554244,0.0,32.47844385219594,4.6926980915168315,1
6911a30d-2a0f-4c4c-a126-24fe82bc41aa,3938637,Netherlands,Xavi Simons,53,45,2,106.5,50.7,From Counter,0.04667762,Off T,Open Play,Normal,Right Foot,True,,,,,0.0,3.7631327830902603,1.0,11.05505360585883,4.532946254138025,1
5b9e133e-d1c7-4c66-b382-b4eb1946c258,3938637,Poland,Jakub Piotr Kiwior,57,56,2,108.2,51.3,From Free Kick,0.060536034,Saved,Open Play,Normal,Left Foot,,,,,,2.0,3.7148751030479548,1.0,12.438624409492284,2.4714041025083873,1
9af74161-58c9-4e03-959e-6873ad8243e0,3938637,Poland,Piotr Zieliński,58,4,2,95.9,46.5,From Free Kick,0.036215097,Saved,Open Play,Normal,Left Foot,,,,,,1.0,2.1866808382316827,1.0,22.57902853151631,2.4224678364264918,1
f262eabb-dc67-43f7-9f25-0718c96abaa6,3938637,Poland,Jakub Moder,62,9,2,108.9,32.4,Regular Play,0.17306519,Wayward,Open Play,Normal,Right Foot,True,,,,,1.0,2.6134762130300726,2.0,9.645027436888865,3.0938011697000434,1
0a230694-cd73-424a-bf0e-ad2b6518792a,3938637,Netherlands,Denzel Dumfries,64,5,2,110.0,56.3,From Free Kick,0.03682928,Off T,Open Play,Normal,Right Foot,,,,,True,1.0,1.8104942607859222,2.0,14.072183473973508,2.274674865422867,1
cde4e8a0-373d-4397-ae74-d7d3c03e5e2b,3938637,Netherlands,Stefan de Vrij,72,50,2,110.9,41.9,From Corner,0.06877075,Off T,Open Play,Normal,Head,,,,,,1.0,1.0221371269938935,4.0,8.700839443226089,0.49062726248205024,1
33259922-b3d6-413d-982d-90edf19ae6dc,3938637,Poland,Jakub Moder,79,15,2,115.5,39.4,From Corner,0.2948724,Wayward,Open Play,Normal,Head,,,,,,0.0,1.0909645611587726,3.0,4.9389623048377915,5.609567911215578,1
837e3832-5f47-460e-b3c8-5dcd4696aba0,3938637,Netherlands,Wout Weghorst,82,42,2,110.6,36.7,From Free Kick,0.09464203,Goal,Open Play,Half Volley,Left Foot,True,,,,True,0.0,1.2336431921437898,1.0,5.232118561819359,4.587556860867636,1
68104c09-0edd-4bf3-8cd3-f1db30244c88,3938637,Poland,Karol Świderski,88,47,2,112.0,36.4,Regular Play,0.13144952,Saved,Open Play,Normal,Left Foot,True,,,,True,1.0,0.7800366487987281,2.0,5.629718641595658,2.385998544448583,1
283bbc67-99f3-416d-b6ae-3fd972502aee,3938637,Poland,Jakub Piotrowski,88,48,2,119.0,32.0,Regular Play,0.021284437,Off T,Open Play,Normal,Left Foot,True,,,,,0.0,2.0571292883802337,3.0,4.969327837306512,0.38381436072828023,1
d9bcd38a-185c-4921-aaaa-240def6438c9,3938637,Poland,Jakub Moder,91,47,2,88.9,45.8,Regular Play,0.020169877,Saved,Open Play,Normal,Left Foot,,,,,,2.0,5.840070555310765,0.0,30.185940511820284,1.5516273157709009,1
2360bba3-f2e6-437b-b6ad-0c6baf1ed357,3938637,Poland,Nicola Zalewski,94,47,2,90.3,29.2,From Throw In,0.018691555,Saved,Open Play,Normal,Right Foot,,,,,,0.0,3.4425454282220973,1.0,28.37044772329538,3.3100214413737774,1
00ea5b92-508e-4939-8c56-4fffe22e53b6,3938644,Georgia,Khvicha Kvaratskhelia,1,32,1,111.4,29.2,From Counter,0.13665316,Goal,Open Play,Normal,Left Foot,,,,,True,0.0,0.6251151839527069,2.0,7.549382266575007,4.162647502736476,1
29f357cd-0328-4eaa-807a-2988d4d1fdbb,3938644,Georgia,Giorgi Chakvetadze,11,18,1,103.7,19.9,Regular Play,0.008420149,Blocked,Open Play,Normal,Right Foot,,,,,,0.0,3.3898808159866376,1.0,21.914828259348567,2.818331243687325,1
293a9cd9-d15c-4acf-928a-825566738282,3938644,Portugal,Cristiano Ronaldo dos Santos Aveiro,16,1,1,87.1,41.7,From Free Kick,0.022706533,Saved,Free Kick,Normal,Right Foot,,,,,,2.0,11.871358444882883,0.0,32.10529823475858,0.8320127380540896,1
264e2cd2-956a-488d-acfe-3972b2d18eef,3938644,Portugal,Gonçalo Bernardo Inácio,16,43,1,109.9,37.3,From Throw In,0.049144432,Blocked,Open Play,Normal,Head,,,,True,True,1.0,0.48640067996815156,4.0,6.931944584433309,3.174911215178213,1
637a755f-998b-4bc5-ac27-0e05515bcdfc,3938644,Portugal,José Diogo Dalot Teixeira,17,38,1,106.2,46.7,From Throw In,0.026044907,Off T,Open Play,Normal,Head,,,,True,True,0.0,0.21821877796566563,2.0,13.107440168637474,2.57240770760896,1
6dc79c9e-6b17-4e2b-8e53-e11a7281c503,3938644,Portugal,António João Pereira Albuquerque Tavares Silva,20,16,1,118.7,34.9,From Free Kick,0.18730545,Off T,Open Play,Normal,Head,,True,,,,0.0,3.5676594193010804,3.0,1.5428916929177983,1.8302815411080076,1
f83542d1-83c0-4884-b656-7ee8f9e2ae8c,3938644,Portugal,João Maria Lobo Alves Palhinha Gonçalves,22,14,1,92.0,26.5,Regular Play,0.019303527,Saved,Open Play,Normal,Right Foot,,,,,True,1.0,1.325804717662465,1.0,28.105863440914494,2.642739662552117,1
1ccf056f-e655-4242-9ab4-b72f3d32818e,3938644,Portugal,João Neves,23,29,1,100.5,38.1,Regular Play,0.044234637,Blocked,Open Play,Volley,Right Foot,,,,,,2.0,2.3183388052207787,1.0,16.889567080300345,2.6732074195290068,1
83cd7b96-af60-4f53-b6e1-01eb12b53918,3938644,Portugal,Francisco Fernandes Conceição,27,7,1,109.5,51.5,From Corner,0.052520916,Off T,Open Play,Half Volley,Left Foot,True,,,,,3.0,3.5332602362778163,1.0,11.3873570562581,4.231118023201404,1
bc9fa8ce-cb01-4142-91e5-647a8f8559ef,3938644,Portugal,João Félix Sequeira,29,52,1,97.4,50.7,Regular Play,0.03601527,Off T,Open Play,Normal,Left Foot,,,,,,0.0,1.430177680721775,1.0,,,1
5c600515-a486-4a25-bd8f-b2056a1fe9f1,3938644,Georgia,Khvicha Kvaratskhelia,32,28,1,111.1,57.2,From Free Kick,0.013807702,Off T,Open Play,Normal,Right Foot,,,,,,0.0,1.7424047902220812,2.0,14.53423799232904,3.248774286297305,1
db7e3f8b-4d33-4b5f-8ef1-d74c9acc7886,3938644,Portugal,Cristiano Ronaldo dos Santos Aveiro,34,10,1,112.6,28.6,From Goal Kick,0.058714412,Blocked,Open Play,Half Volley,Left Foot,,,,,,0.0,0.8804351862251101,2.0,7.893278790098353,2.967955681907341,1
11e1587a-64b8-4724-9941-3a22ed1486f1,3938644,Portugal,João Maria Lobo Alves Palhinha Gonçalves,42,52,1,95.6,42.0,From Free Kick,0.035719465,Off T,Open Play,Normal,Right Foot,True,,,,,1.0,2.5104026130638433,1.0,21.408860293655167,3.1008500127869354,1
c7491c25-e061-44b5-bc03-5acf72a34427,3938644,Portugal,João Félix Sequeira,45,17,1,96.9,45.9,From Free Kick,0.04260302,Saved,Open Play,Normal,Left Foot,,,,,,2.0,1.5620136299575174,3.0,21.078834708537308,2.684827412074455,1
d2d309a3-eaf5-43be-b03c-b81c71aa577a,3938644,Portugal,Francisco Fernandes Conceição,45,37,2,105.2,50.7,Regular Play,0.04607975,Blocked,Open Play,Normal,Left Foot,,,,,,0.0,2.4315090024733594,2.0,13.306568376665494,3.657184260084861,1
380311ca-0c7a-4ebe-aa8a-dde32e6a9b07,3938644,Portugal,Cristiano Ronaldo dos Santos Aveiro,46,11,2,113.7,42.7,From Corner,0.18968906,Blocked,Open Play,Normal,Left Foot,True,,,,,1.0,1.2701007442557237,4.0,4.57943325675213,2.0701477567829443,1
172288ea-4d40-4230-a8c7-ae2be2b3f4c2,3938644,Portugal,Danilo Luís Hélio Pereira,46,41,2,116.6,36.2,From Corner,0.22954655,Off T,Open Play,Half Volley,Left Foot,True,,,,,2.0,1.6948716838718298,5.0,3.8137816933842354,0.7367032683083892,1
b376bb0f-3cb5-4373-8b44-d8266c1781ef,3938644,Georgia,Khvicha Kvaratskhelia,49,8,2,106.4,42.1,From Free Kick,0.24445653,Saved,Open Play,Normal,Right Foot,True,,,,,0.0,3.4300101519337614,1.0,10.339818618702767,3.2731203079301565,1
0a072739-a996-4f43-b7cc-ac90010da8d1,3938644,Georgia,Georges Mikautadze,56,13,2,108.1,40.1,Other,0.7835,Goal,Penalty,Normal,Right Foot,,,,,,0.0,9.838369959604353,0.0,10.767501342683543,1.1368598492299782,1
7830cb64-c565-4dc0-ad83-cc999cf004b5,3938644,Portugal,Francisco Fernandes Conceição,65,48,2,102.3,45.9,From Free Kick,0.03953764,Off T,Open Play,Half Volley,Left Foot,,,,,,3.0,2.34788750684757,2.0,17.760289782547815,1.1868265504501778,1
60a76ca1-de47-4c2c-8d09-27e5c2c6f745,3938644,Georgia,Giorgi Chakvetadze,71,2,2,103.4,53.3,Regular Play,0.06953994,Off T,Open Play,Normal,Right Foot,,,,,True,0.0,0.8188705617942914,1.0,16.812726520245903,3.3427842703592603,1
4a14e4ad-3bf7-4a4a-a4c2-06ae50804fea,3938644,Portugal,Nélson Cabral Semedo,80,18,2,92.9,41.1,From Corner,0.020204514,Blocked,Open Play,Half Volley,Right Foot,,,,,,5.0,5.720009442953026,0.0,25.68448848479242,1.4384129897505886,1
e96aa063-5033-4175-88fc-8adbc01137bc,3938644,Portugal,Matheus Luiz Nunes,81,32,2,112.4,39.4,From Throw In,0.19409223,Wayward,Open Play,Normal,Head,,,,,,0.0,1.6266486896472527,3.0,5.095944707328444,3.0607137986847306,1
60cab492-e1cd-43c7-9e1c-64bf2e8cc1c7,3938644,Georgia,Zuriko Davitashvili,84,53,2,113.5,27.4,From Throw In,0.08911559,Off T,Open Play,Normal,Left Foot,,True,,,True,0.0,0.32085195079159834,1.0,7.758588624223618,2.4142275846989634,1
d62ae444-9b87-43e9-b535-42f3fd168bce,3938644,Portugal,Nélson Cabral Semedo,90,41,2,115.8,45.8,Regular Play,0.21424782,Saved,Open Play,Volley,Right Foot,True,,,,,0.0,4.133989059789855,1.0,4.883509272126011,1.7535551783717835,1
f810c9eb-2976-4252-867e-5d73dfb59758,3938644,Portugal,João Félix Sequeira,91,46,2,100.1,51.9,From Throw In,0.01927459,Blocked,Open Play,Normal,Left Foot,,,,,True,1.0,1.1148498691867788,2.0,20.856313708933662,2.4750100756646702,1
903e0887-cc11-487f-94ee-53375a8a17bf,3938644,Portugal,Diogo José Teixeira da Silva,92,8,2,113.5,37.5,From Throw In,0.70389277,Off T,Open Play,Normal,Left Foot,True,,,,,0.0,3.4918731535793093,2.0,3.407982129898688,3.095343290956464,1
5fdf6170-5885-400b-acf0-81f837a6dfdb,3938644,Portugal,José Diogo Dalot Teixeira,93,23,2,93.5,52.2,Regular Play,0.023084719,Saved,Open Play,Normal,Right Foot,,,,,,1.0,2.6865230848927633,2.0,25.9122930915353,3.0780145042284204,1
0a773bae-2312-4bbc-9659-26fe8c29720c,3938644,Portugal,Gonçalo Matias Ramos,93,46,2,116.2,47.1,From Corner,0.102168575,Blocked,Open Play,Half Volley,Left Foot,True,,,,,0.0,0.7959276090500522,3.0,7.174778071323454,0.6956069020173175,1
a26ce14c-79fc-4c34-9a0d-56ac0d3ab4ef,3941019,France,Adrien Rabiot,1,5,1,105.3,39.5,From Kick Off,0.049315576,Off T,Open Play,Volley,Left Foot,True,,,,True,0.0,1.2654606079328354,2.0,11.81814926636912,2.9423995199455817,1
0e2bd611-5123-4a6e-8864-468933a43f5d,3941019,France,Antoine Griezmann,9,12,1,95.5,36.4,From Throw In,0.026957866,Saved,Open Play,Normal,Left Foot,,,,,,1.0,1.7070140976702537,2.0,21.01088442758406,4.0035361347256355,1
92636795-4d37-46f6-b22f-c1fb5e045fba,3941019,France,Kylian Mbappé Lottin,13,52,1,106.8,26.1,From Corner,0.06710457,Off T,Open Play,Normal,Right Foot,,,,,,0.0,2.577256974277492,1.0,13.840650245584554,2.550268316664784,1
0f3c5d33-c6f9-4a0c-a82a-f3d5b42bd9e2,3941019,France,Marcus Thuram,17,3,1,113.0,50.1,From Corner,0.02893819,Off T,Open Play,Normal,Head,,,,,,2.0,4.2285562138091635,2.0,8.609126352893034,2.6253229888597787,1
6fe38e2a-0ee5-4d64-a9ea-aacecdcec810,3941019,France,Adrien Rabiot,19,8,1,87.2,35.1,Regular Play,0.021996574,Off T,Open Play,Normal,Left Foot,,,,,,1.0,7.152330881911928,0.0,30.091197194166842,3.12221159883201,1
53efb504-af14-403f-961a-70bdf4c940be,3941019,Belgium,Yannick Ferreira Carrasco,26,11,1,106.5,44.0,From Free Kick,0.105909355,Blocked,Open Play,Half Volley,Left Foot,True,,,,,0.0,4.479593314658451,1.0,11.662421975856097,3.7551248001755653,1
5a5b17af-9f4a-4886-a238-94fd746f1329,3941019,France,Marcus Thuram,33,27,1,110.6,41.9,From Free Kick,0.094443604,Off T,Open Play,Normal,Head,,,,True,True,0.0,0.6282074731489725,2.0,6.641834067171979,2.7820617952224183,1
dbbb63ff-32b3-4655-937b-ba77bfa36bd9,3941019,France,Aurélien Djani Tchouaméni,38,51,1,89.2,47.9,From Throw In,0.022445312,Off T,Open Play,Normal,Right Foot,,,,,True,1.0,0.7560358683277956,1.0,28.349838615969468,3.2447121884084282,1
eae7986c-ec00-490c-b8fb-90cbcb83fbe8,3941019,France,Marcus Thuram,40,21,1,114.2,32.2,Regular Play,0.16247946,Wayward,Open Play,Half Volley,Right Foot,True,,,,True,0.0,1.4184610913467617,2.0,5.159868726235573,1.955526452334766,1
c94ca9fb-fc9d-4ce5-98f1-0aa99e5038cf,3941019,France,Aurélien Djani Tchouaméni,45,13,1,103.3,32.5,From Corner,0.055180438,Off T,Open Play,Normal,Right Foot,True,,,,,4.0,2.4121150071962627,1.0,14.73791542308741,2.985194184548817,1
4abc5973-bede-48c1-8e60-6cd89273ef9a,3941019,France,Aurélien Djani Tchouaméni,48,23,2,93.9,33.9,Regular Play,0.027458923,Saved,Open Play,Normal,Right Foot,True,,,,,1.0,3.2065853757040776,1.0,24.527281842071584,2.193277806421918,1
da638f0c-1456-431a-9ccd-3466c6508d3c,3941019,France,Kylian Mbappé Lottin,49,4,2,111.5,24.5,From Corner,0.023882177,Blocked,Open Play,Normal,Right Foot,,,,,,0.0,2.0264847058510265,2.0,13.793529657514018,1.4027115750537007,1
4dabc141-ab4d-4fbf-8662-30a44d363220,3941019,France,Marcus Thuram,49,59,2,113.4,37.7,From Free Kick,0.14512838,Off T,Open Play,Normal,Head,,,,True,True,0.0,0.8208959582234702,2.0,4.288184175182558,2.3724190999807035,1
5f28ec0c-2187-4149-8e2d-d58a30a890e6,3941019,France,Kylian Mbappé Lottin,53,4,2,102.3,26.3,Regular Play,0.037212588,Off T,Open Play,Normal,Right Foot,,,,,,1.0,3.160324768811237,2.0,18.181207976310244,2.823455143138247,1
d60f607c-f3f8-47dd-8993-c768f92edb96,3941019,France,Kylian Mbappé Lottin,55,15,2,107.9,46.3,Regular Play,0.18814844,Wayward,Open Play,Normal,Right Foot,True,,,,,0.0,1.7530069982891794,2.0,10.20661883724376,2.885467983616934,1
f9721732-6dfa-4497-a3f5-e28c6df567a0,3941019,Belgium,Yannick Ferreira Carrasco,60,23,2,111.0,51.5,From Counter,0.13074823,Blocked,Open Play,Normal,Right Foot,,,,,True,0.0,0.662163558597611,1.0,8.557529943749298,3.5741394827265793,1
ae5b54b4-0a61-4ebb-bc6f-05c7d8560165,3941019,France,Antoine Griezmann,64,24,2,97.3,43.1,From Free Kick,0.05479053,Off T,Open Play,Half Volley,Right Foot,,,,,,0.0,2.356520273647376,1.0,19.828673158440758,3.090128427756653,1
bd526b4b-3397-4bca-97bf-345081e16d2f,3941019,France,Aurélien Djani Tchouaméni,68,14,2,94.6,47.3,From Throw In,0.030925188,Off T,Open Play,Normal,Right Foot,True,,,,,1.0,4.140439703963978,1.0,22.32949627133338,3.2280617525867683,1
52e87adf-51ae-4ffc-98bc-70d539925dc0,3941019,Belgium,Romelu Lukaku Menama,70,2,2,109.8,25.7,Regular Play,0.0381186,Saved,Open Play,Normal,Left Foot,,,,,,,,,,,0
2b8267da-1e0e-4d81-97e0-d403e9567d9d,3941019,France,William Saliba,73,42,2,106.1,53.7,From Corner,0.06782964,Off T,Open Play,Normal,Left Foot,,,,,,0.0,2.3388223969690776,1.0,15.522242858721182,3.221945207078207,1
3a9df91e-bc40-4a22-b63c-6704f25c6b27,3941019,France,Kylian Mbappé Lottin,77,51,2,103.1,48.2,From Throw In,0.09472088,Off T,Open Play,Normal,Right Foot,True,,,,,0.0,3.022279324528463,2.0,15.130094505882687,3.123943040386024,1
a3928078-6c73-41ce-96ea-1797fdd11752,3941019,Belgium,Kevin De Bruyne,82,9,2,100.8,31.1,From Free Kick,0.082713604,Saved,Open Play,Normal,Right Foot,True,,,,,0.0,0.5994404638487475,3.0,16.06729031499446,4.154184773389119,1
39768d80-d83c-48b0-ac81-ce6cfd67badd,3941019,France,Randal Kolo Muani,84,28,2,108.7,52.4,Regular Play,0.06305356,Wayward,Open Play,Normal,Right Foot,,,,,,0.0,2.2641097915268014,2.0,13.14229009471541,1.9422495009381748,1
a3bd5122-8a10-4c89-b347-c525353081bc,3941019,Belgium,Arthur Theate,89,40,2,88.7,26.5,From Free Kick,0.005724137,Wayward,Open Play,Half Volley,Left Foot,,,,,,,,,,,0
64241711-4e5c-43c3-a993-2ca464e9dbc7,3942227,Switzerland,Breel-Donald Embolo,9,58,1,115.2,59.1,From Throw In,0.008929583,Off T,Open Play,Normal,Right Foot,True,,,,,0.0,1.88694727658872,3.0,15.931398921600094,2.0301202832227148,1
4b47d17b-7d2d-447f-a5a8-c70ae5a01e1e,3942227,England,Declan Rice,13,7,1,97.1,38.6,From Goal Kick,0.03981024,Blocked,Open Play,Normal,Right Foot,,,,,,3.0,4.653008463991768,1.0,21.445230272823395,1.5580446863543358,1
5dc7bbc0-2045-42d6-9a95-2b6f14a6b643,3942227,England,Kobbie Mainoo,15,18,1,97.0,40.0,Regular Play,0.041179437,Blocked,Open Play,Normal,Right Foot,True,,,,,2.0,3.556787003327995,1.0,20.087962119636934,2.9354567017751094,1
5c8d4f24-e19a-4565-a1e7-60553c011407,3942227,England,Harry Kane,21,4,1,107.6,34.7,From Corner,0.024830516,Wayward,Open Play,Normal,Head,,,,,,0.0,1.7312662883447787,3.0,12.715477535651418,2.3377431220175,1
a5b16bd8-68a9-48cb-bf32-c573bc06c9ad,3942227,Switzerland,Breel-Donald Embolo,24,8,1,103.5,35.4,From Counter,0.050617944,Blocked,Open Play,Normal,Left Foot,,,,,,0.0,1.5618397215116435,2.0,13.079513987489657,3.5570047056176293,1
f63d0bdc-7b03-4aab-b7e9-445459d29c8d,3942227,England,Bukayo Saka,42,19,1,94.4,53.3,Regular Play,0.022693586,Blocked,Open Play,Normal,Left Foot,,,,,True,0.0,0.8059930846150627,2.0,25.09941201251053,3.297347577153758,1
1857fdfc-26ba-408c-81c8-4202a8f49eb8,3942227,England,Kobbie Mainoo,44,7,1,113.2,49.6,From Throw In,0.105490096,Blocked,Open Play,Normal,Right Foot,True,,,,,0.0,0.9042453482570714,3.0,6.891014877329238,1.6721387379763968,1
91fffc20-f841-4a96-9206-1368b593625b,3942227,England,Bukayo Saka,46,33,2,111.9,52.7,Regular Play,0.043717798,Blocked,Open Play,Normal,Left Foot,,,,,,1.0,1.0995524635249585,3.0,11.840111535202997,1.6158964892605923,1
8a47e296-91b5-4dae-b91a-bff7c24c0001,3942227,Switzerland,Breel-Donald Embolo,50,42,2,112.9,30.4,From Free Kick,0.052396607,Saved,Open Play,Normal,Right Foot,,,,,,0.0,1.1310704177365314,2.0,9.610429246461907,3.168260294515889,1
30a91b99-fca1-4233-9fa2-9ebd40f95f71,3942227,Switzerland,Breel-Donald Embolo,56,3,2,113.4,43.5,Regular Play,0.113653235,Blocked,Open Play,Normal,Head,,,,True,True,1.0,1.477220990129819,2.0,5.850669748830579,1.2429129077903696,1
ebf8ac14-d3f2-4620-a30b-6efe03098379,3942227,Switzerland,Michel Aebischer,65,46,2,103.5,36.6,From Goal Kick,0.054864526,Off T,Open Play,Volley,Right Foot,True,,,,,1.0,3.8230012560358406,1.0,17.173874380138844,-0.3387528879703723,1
3cc0520d-338c-48b1-8e46-237e81965d70,3942227,Switzerland,Breel-Donald Embolo,74,14,2,116.9,38.5,From Free Kick,0.673555,Goal,Open Play,Volley,Right Foot,True,,True,,,0.0,0.8040162574444033,1.0,4.520398645226393,0.9446263798011074,1
f49ffee0-1a8a-4d16-b892-78c20e740cf1,3942227,England,Bukayo Saka,79,46,2,100.3,56.6,From Throw In,0.027096223,Goal,Open Play,Normal,Left Foot,,,,,,1.0,2.0463729210346346,1.0,23.44465378471247,2.1969787269401024,1
bb2cc906-2d2c-47a4-8106-c11e66f4c936,3942227,England,Harry Kane,82,43,2,107.6,40.4,From Throw In,0.043730237,Blocked,Open Play,Half Volley,Right Foot,,,,,,1.0,1.5132920146791262,2.0,11.215002073342308,1.1864392803258283,1
ec8a20e8-dead-4b00-adec-696f75161dd5,3942227,England,Eberechi Eze,87,54,2,107.6,21.5,From Throw In,0.012332749,Off T,Open Play,Normal,Right Foot,,,,,,0.0,5.638633663378056,0.0,17.55452132143706,2.6030696787382226,1
68dda545-c50d-4c6f-a3c8-2414305dd0cb,3942227,Switzerland,Dan Ndoye,89,35,2,102.2,22.4,From Counter,0.02836855,Off T,Open Play,Normal,Right Foot,,,,,,0.0,1.0319366176788256,1.0,23.6603483144887,1.7259165919384998,1
3bfdcf00-a663-4a29-8b7a-61e7e5b7b545,3942227,Switzerland,Steven Zuber,92,5,2,110.9,28.0,From Throw In,0.049106847,Off T,Open Play,Half Volley,Right Foot,,,,,,1.0,2.082806686762403,2.0,12.050483213192365,2.1707064369578575,1
205c8e05-3e2d-4774-87c7-8c801dab8fa7,3942227,England,Declan Rice,94,28,3,89.6,32.5,Regular Play,0.017482303,Saved,Open Play,Normal,Right Foot,,,,,,3.0,4.964445231696003,1.0,29.380026564202463,1.9956455820455403,1
cb60e195-2f36-4f9d-8d12-12f3032379cc,3942227,England,Phil Foden,100,49,3,90.5,44.9,From Free Kick,0.02448303,Blocked,Open Play,Normal,Left Foot,,,,,,1.0,3.5295474158396134,1.0,28.11690194257826,1.7852292141501636,1
f398ea83-2bed-4dca-b7b0-a441de62658c,3942227,England,Jude Bellingham,101,4,3,103.5,46.6,From Free Kick,0.06517577,Blocked,Open Play,Normal,Right Foot,,,,,,2.0,1.0426247395428254,3.0,15.398664833218438,1.9780947605316186,1
8e2e735f-26ce-4a75-86f7-7dab6858b59f,3942227,England,Jude Bellingham,101,6,3,103.8,44.8,From Free Kick,0.06901925,Saved,Open Play,Normal,Left Foot,True,,,,True,1.0,1.3991205270955858,4.0,13.840531936309969,2.635043316345829,1
96e6f91a-22e3-41d9-9b44-1f6b190c4b62,3942227,Switzerland,Fabian Lukas Schär,112,53,4,106.2,58.7,Regular Play,0.012323262,Off T,Open Play,Half Volley,Right Foot,True,,,,,0.0,7.957509346306041,0.0,19.535767716469685,2.369912268875453,1
cc7696c3-c5e2-4524-a065-7dd1accebed4,3942227,Switzerland,Xherdan Shaqiri,116,40,4,119.3,79.1,From Corner,0.00018,Post,Corner,Normal,Left Foot,,True,,,,0.0,34.834052798816785,0.0,37.96147099872494,5.4448289723849825,1
38915bff-1be9-422a-8369-9597b3a3f217,3942227,Switzerland,Mohamed Zeki Amdouni,118,39,4,101.7,23.7,From Free Kick,0.039720625,Saved,Open Play,Normal,Left Foot,,,,,,0.0,2.717316433112505,1.0,20.28937122002722,3.440267041640112,1
8538a591-bcfa-48fd-b043-fbccb1bc9dd8,3942227,Switzerland,Silvan Widmer,118,51,4,111.7,46.0,From Free Kick,0.11769032,Off T,Open Play,Volley,Right Foot,True,,,,True,0.0,0.5384188984724537,2.0,8.71794935333088,0.8955731001341434,1
777217fe-46b3-44c8-b8b5-ab5515de93de,3930174,Portugal,Cristiano Ronaldo dos Santos Aveiro,1,8,1,104.7,54.5,From Goal Kick,0.030822832,Saved,Open Play,Volley,Right Foot,True,,,,,1.0,1.445014527502412,1.0,16.347931236814713,2.5399135726700734,1
ceb8b516-ec65-41bd-a943-26071514ef29,3930174,Portugal,Bruno Miguel Borges Fernandes,3,31,1,92.6,41.8,From Free Kick,0.041098516,Blocked,Open Play,Normal,Left Foot,,,,,,1.0,5.672731784662888,0.0,25.673193488827174,1.7601096127036442,1
6a5cdefb-08d9-4660-aa04-3df60bb5aae2,3930174,Turkey,Muhammed Kerem Aktürkoğlu,4,37,1,107.8,44.4,From Throw In,0.048342027,Off T,Open Play,Volley,Right Foot,True,,,,True,0.0,1.584890528645421,1.0,10.373902909427219,1.9822703605973402,1
c99b341f-1c63-4edc-b5c0-5ad78ea6a24e,3930174,Turkey,Muhammed Kerem Aktürkoğlu,5,49,1,116.2,36.6,Regular Play,0.45019928,Wayward,Open Play,Half Volley,Right Foot,True,,True,,True,0.0,1.0932220911863657,1.0,4.673767909627277,1.812081344734338,1
dae20d8a-b7f7-4ecb-80dc-3414bf82fe89,3930174,Portugal,Cristiano Ronaldo dos Santos Aveiro,7,31,1,113.1,34.1,Regular Play,0.06344055,Off T,Open Play,Normal,Head,,,,True,True,0.0,2.269578428618083,2.0,8.88696301322957,2.9556736859464934,1
207a37df-5e33-47fb-8009-d235c3ad5d2a,3930174,Portugal,Rafael Alexandre Conceição Leão,14,32,1,108.6,34.2,From Keeper,0.04168335,Wayward,Open Play,Normal,Head,,,,True,True,0.0,4.03078059805829,1.0,10.774074645343589,4.0470720571950665,1
96de6997-f9da-4735-a9d4-5a143f991f04,3930174,Portugal,Bernardo Mota Veiga de Carvalho e Silva,20,58,1,108.8,44.0,Regular Play,0.3171335,Goal,Open Play,Normal,Left Foot,True,,,,,0.0,4.290960861489976,2.0,9.283316962173494,2.5626827202163156,1
03e9d911-4f31-498d-bedd-312059f82d1d,3930174,Portugal,Bruno Miguel Borges Fernandes,23,44,1,103.2,29.7,From Throw In,0.0370126,Off T,Open Play,Volley,Right Foot,True,,,,,1.0,3.056680536097769,1.0,17.314417508844823,2.411822517165973,1
d7c45093-887d-4ebf-b77d-8dabda1fd4c8,3930174,Turkey,Muhammed Kerem Aktürkoğlu,30,16,1,110.9,27.4,Regular Play,0.09970065,Saved,Open Play,Normal,Right Foot,,,,,,0.0,1.8158497083392515,2.0,11.4687766392444,2.5239836085525837,1
ee85b3ff-49f0-41d0-a5b5-0c10cb5f5153,3930174,Turkey,Orkun Kökçü,31,31,1,108.6,51.3,From Corner,0.06214549,Blocked,Open Play,Normal,Right Foot,True,,,,,4.0,5.154948921592806,0.0,12.709665574438672,0.9339509637360663,1
0e8017ea-d219-4c82-b504-09af89a26884,3930174,Turkey,Hakan Çalhanoğlu,31,33,1,99.0,60.0,From Corner,0.008017924,Blocked,Open Play,Volley,Right Foot,True,,,,,0.0,7.355040848304475,0.0,26.438327610942924,2.069536220392507,1
05d130c6-ac85-4e59-9cb8-8c1e56012fa7,3930174,Portugal,Bruno Miguel Borges Fernandes,34,43,1,104.7,54.4,Regular Play,0.07170779,Off T,Open Play,Normal,Right Foot,,,,,,0.0,1.7279433662676138,2.0,14.714965661238407,4.866606566118065,1
c8a4a3e5-4c58-4864-a856-cff9607b1188,3930174,Portugal,Cristiano Ronaldo dos Santos Aveiro,36,0,1,101.7,30.6,From Throw In,0.056781985,Off T,Open Play,Normal,Right Foot,,,,,,1.0,2.110642052411478,3.0,17.124749654877036,3.874674509067205,1
c6b63186-1ba8-4730-a405-3a61ae5d5fda,3930174,Turkey,Orkun Kökçü,40,12,1,94.9,32.7,From Counter,0.039146766,Saved,Open Play,Normal,Right Foot,,,,,,1.0,4.54614454936257,2.0,22.312723168864302,3.440357568130082,1
058dda51-38f2-4518-9d6f-c4a1a3ae7ea0,3930174,Turkey,Yusuf Yazıcı,52,43,2,89.4,55.2,Regular Play,0.006459761,Saved,Open Play,Normal,Left Foot,,,,,,0.0,4.563265795580027,1.0,32.29700045785477,1.9869855567820593,1
2a0573ed-49c7-466d-ba51-6f64fff2cd01,3930174,Portugal,Bruno Miguel Borges Fernandes,55,3,2,111.5,36.3,From Free Kick,0.85188305,Goal,Open Play,Normal,Right Foot,True,,,,,0.0,8.243720026513623,0.0,5.011850141569438,6.3677990702006895,1
98539eec-ec33-44c8-8b79-baa25307c3a0,3930174,Turkey,Yusuf Yazıcı,59,34,2,99.9,27.2,Regular Play,0.019997858,Blocked,Open Play,Normal,Left Foot,,,,,True,1.0,1.3923709578493988,4.0,21.107842836052363,2.072884719069563,1
93da453b-bb75-494b-a400-9389f3385745,3930174,Turkey,Kenan Yildiz,62,56,2,97.1,24.9,Regular Play,0.025981167,Off T,Open Play,Normal,Right Foot,,,,,,0.0,2.6013593121630474,2.0,25.325697082247522,1.514742932395194,1
b422c612-4bc0-438f-8a71-4e2030a29775,3930174,Portugal,Cristiano Ronaldo dos Santos Aveiro,65,22,2,113.1,37.7,Regular Play,0.19733512,Wayward,Open Play,Normal,Head,,,,,,0.0,0.9609783842201411,1.0,6.793488863307956,1.2640511562607344,1
37c08962-f08b-4dca-b21e-d3f3a13597db,3930174,Turkey,Arda Güler,80,34,2,91.0,51.3,Regular Play,0.014791918,Blocked,Open Play,Normal,Left Foot,,,,,,0.0,2.718758193572151,2.0,30.078221038467127,0.7681599127490273,1
0aef1341-58cf-4569-b0a6-cd6d7468aa5c,3930174,Portugal,Bernardo Mota Veiga de Carvalho e Silva,89,29,2,107.0,35.5,Regular Play,0.16763084,Blocked,Open Play,Normal,Left Foot,,,,,,1.0,2.758839781247483,1.0,10.190236634802305,3.181201429765764,1
75f752b8-3ac1-46b2-8477-dbf1067b5599,3930174,Turkey,Arda Güler,90,48,2,60.9,25.6,From Free Kick,0.004203976,Wayward,Open Play,Lob,Left Foot,True,,,,,0.0,1.295892363651391,1.0,,,1
808636df-3542-4e1c-b68d-cc9c30926846,3930174,Portugal,Rúben Diogo Da Silva Neves,94,32,2,93.8,50.2,Regular Play,0.024696983,Off T,Open Play,Normal,Right Foot,,,,,,2.0,5.467739306663516,0.0,26.033625380322384,1.8436519740611033,1
4fee74ed-d1e1-4e00-84a4-00b22595b772,3930162,Denmark,Andreas Christensen,10,32,1,105.6,39.0,From Free Kick,0.023670547,Off T,Open Play,Normal,Head,,,,True,True,0.0,1.079027619057099,3.0,10.284332080689115,4.165554149287374,1
3050556c-b2b5-4ced-ba6e-3280d56045d2,3930162,Denmark,Victor Bernth Kristansen,14,8,1,101.6,37.8,From Throw In,0.05016356,Blocked,Open Play,Volley,Right Foot,True,,,,True,1.0,2.09358817321541,2.0,15.817099842812034,2.61596937710695,1
c87322a6-7c4f-47f1-bb7b-b5b8baa8e2eb,3930162,Slovenia,Benjamin Šeško,15,47,1,89.6,43.4,Regular Play,0.022961853,Off T,Open Play,Normal,Right Foot,,,,,,0.0,3.319353728009302,1.0,,,1
5d639789-9b50-441e-acb0-d2a1af382381,3930162,Denmark,Christian Dannemann Eriksen,16,36,1,109.7,46.4,From Throw In,0.2766666,Goal,Open Play,Half Volley,Right Foot,,,,,True,0.0,1.5996430480624961,2.0,8.737284957861084,2.9634587886060046,1
8a75fc79-5608-4b2f-95c3-415704ca99da,3930162,Slovenia,Erik Janža,20,21,1,94.8,34.0,From Corner,0.02282429,Blocked,Open Play,Volley,Left Foot,True,,,,,3.0,7.4034783473623635,0.0,23.274896134311874,2.1477486831838917,1
b93373e9-4371-474b-8800-46ca8e177e91,3930162,Slovenia,Erik Janža,20,48,1,92.1,32.2,From Corner,0.02002185,Wayward,Open Play,Half Volley,Left Foot,True,,,,,4.0,8.085301538389803,0.0,26.413347275328622,2.095859697856099,1
84191cde-605a-41eb-87ae-bfca34cc8be5,3930162,Denmark,Jannik Vestergaard,28,0,1,113.5,42.3,From Corner,0.10208895,Off T,Open Play,Normal,Head,,,,True,True,1.0,0.9890738713003633,6.0,6.123956900890812,0.6828233797362202,1
eeb08d7c-abe2-447c-b0e5-d38df0b43bdc,3930162,Denmark,Joachim Andersen,34,12,1,111.2,42.9,From Corner,0.07210865,Wayward,Open Play,Normal,Head,,,,True,True,1.0,0.34267552109667315,6.0,7.509080394417678,3.1939794751077955,1
3e06908b-b1f7-4e7d-acac-4ab7a4453bd4,3930162,Denmark,Christian Dannemann Eriksen,39,1,1,110.8,54.5,From Free Kick,0.033157267,Blocked,Open Play,Normal,Left Foot,,,,,True,0.0,3.037032834449029,1.0,14.076495258529564,1.7836992619003809,1
12855435-d364-49a3-b8b5-250348fc22f2,3930162,Denmark,Christian Dannemann Eriksen,41,43,1,89.0,35.6,Regular Play,0.03012717,Blocked,Open Play,Normal,Right Foot,,,,,True,0.0,2.086896587514925,1.0,24.856407791013577,6.518782041645267,1
eb0ca8b0-3fb9-44de-bcca-ae67fdcbd2dc,3930162,Denmark,Christian Dannemann Eriksen,42,42,1,105.1,30.6,From Counter,0.10017875,Off T,Open Play,Normal,Left Foot,True,,,,,1.0,5.944058489786483,0.0,12.359860434728489,3.2883262954758266,1
422f4182-21b3-42c6-9351-533a268b98c7,3930162,Denmark,Andreas Christensen,54,1,2,106.4,37.5,From Free Kick,0.028868087,Blocked,Open Play,Normal,Head,,,,True,True,0.0,1.2634241822361398,3.0,11.959952882863092,2.9644893288442233,1
92a390b6-89a8-4ba8-8702-ab68a06a1c02,3930162,Denmark,Pierre-Emile Højbjerg,55,17,2,111.1,43.8,From Free Kick,0.06811079,Blocked,Open Play,Volley,Right Foot,True,,,,,2.0,0.43869409776629215,6.0,6.397190193611963,2.592691942322375,1
80186faf-de10-4c2d-8030-90775fa2df43,3930162,Denmark,Rasmus Winther Højlund,64,6,2,116.7,41.6,From Free Kick,0.44749036,Saved,Open Play,Normal,Right Foot,True,,,,True,0.0,0.5872891606849926,1.0,0.9511988558470068,2.355113065116768,1
14458201-4f96-4188-8b15-616fe02c91c4,3930162,Denmark,Alexander Hartmann Bah,64,10,2,100.7,49.3,From Free Kick,0.05694469,Blocked,Open Play,Normal,Right Foot,True,,,,,3.0,5.293915070072979,0.0,18.91263829885514,2.2851306958585553,1
70fa7719-00cc-4c21-a6af-79eff1298e4d,3930162,Slovenia,Adam Gnezda Čerin,65,54,2,113.1,39.6,From Free Kick,0.19572966,Off T,Open Play,Normal,Head,,,,,,0.0,0.36861229310832494,3.0,5.8419495035014855,1.2491048103490527,1
e3282340-00f6-41a4-9bcb-727e599589cf,3930162,Denmark,Christian Dannemann Eriksen,67,32,2,114.6,27.9,From Throw In,0.030444594,Off T,Open Play,Half Volley,Left Foot,True,,,,,1.0,1.6381495499655956,1.0,10.113639389699951,1.3264928922423849,1
970f50f3-c607-4973-b963-c54edf9fe3ee,3930162,Denmark,Jonas Older Wind,70,40,2,114.5,43.6,From Corner,0.13023244,Off T,Open Play,Normal,Head,,,,True,True,0.0,0.8664285169574929,6.0,3.5030769517733664,2.0825714798465924,1
b5a8107a-8db7-4089-85e5-17f8c3804f69,3930162,Slovenia,Andraž Šporar,73,54,2,114.0,39.1,From Free Kick,0.33457097,Off T,Open Play,Volley,Right Foot,True,,,,True,0.0,1.0774087395747194,6.0,4.5388376197463085,1.4833635170941761,1
356d2997-f5e6-4808-ab39-c4dadd4abdaf,3930162,Slovenia,Benjamin Šeško,75,45,2,94.7,44.0,From Throw In,0.032746676,Post,Open Play,Half Volley,Right Foot,,,,,True,,,,,,0
5c6df9de-3954-42c6-8632-30a0ba2976b2,3930162,Slovenia,Erik Janža,76,26,2,98.1,22.6,From Corner,0.012828235,Goal,Open Play,Half Volley,Left Foot,True,,,,,1.0,10.244573995309365,0.0,23.888950149170356,2.6155999494141184,1
e97b90c6-03d8-481b-8432-791649db78cc,3930162,Slovenia,Andraž Šporar,78,18,2,112.5,40.9,Regular Play,0.18183897,Blocked,Open Play,Half Volley,Left Foot,True,,,,True,1.0,1.1000009108109423,2.0,7.442846816208917,1.1767701015856034,1
0370b1be-7658-4d94-bd2e-34c6227d3755,3930162,Slovenia,Andraž Šporar,78,19,2,111.1,39.6,Regular Play,0.10890295,Off T,Open Play,Volley,Left Foot,True,,,,True,1.0,2.0012897930467552,2.0,7.219952320714122,1.680403230141252,1
12df75c0-52a8-40f6-99e2-daacb7137678,3930162,Denmark,Jannik Vestergaard,80,25,2,112.1,27.8,From Corner,0.01490126,Saved,Open Play,Normal,Head,,,,True,True,0.0,2.1761231836219523,1.0,13.415785664545798,2.9846557947523706,1
968ac461-2b87-485b-b863-dee88171f607,3930162,Slovenia,Andraž Šporar,80,57,2,114.6,54.5,Regular Play,0.026201004,Saved,Open Play,Normal,Right Foot,,True,,,True,0.0,1.740549613970254,2.0,7.713632300209438,2.7032082375033895,1
02fda162-12f7-451e-add7-bd866887904a,3930162,Denmark,Morten Hjulmand,85,34,2,95.3,39.1,From Throw In,0.046085708,Saved,Open Play,Normal,Left Foot,True,,,,True,0.0,2.01853388122619,1.0,21.272587995924155,3.451548168121363,1
909c91de-f23f-4970-8a86-2e1792b532e9,3930162,Slovenia,Žan Karničnik,90,1,2,90.2,57.0,From Throw In,0.0077642933,Off T,Open Play,Normal,Right Foot,True,,,,,0.0,10.950376606441742,0.0,29.448115796406757,3.1676203981329536,1
a383cc64-c71a-4e37-b0e2-6c770ef494f5,3930176,Germany,Kai Havertz,2,19,1,113.5,44.4,From Corner,0.08929836,Saved,Open Play,Normal,Head,,,,True,True,1.0,0.8277030379601378,3.0,9.050603718405773,2.609456052152183,1
6d4e26cc-6226-44d8-8527-72a1eccc20c6,3930176,Germany,İlkay Gündoğan,10,50,1,96.5,38.1,From Free Kick,0.037393745,Blocked,Open Play,Half Volley,Right Foot,True,,,,,,,,,,0
2f2596ff-5f7f-4d99-a97d-2f564866d0b8,3930176,Germany,Kai Havertz,11,35,1,108.1,35.2,From Throw In,0.087086074,Blocked,Open Play,Normal,Left Foot,True,,,,True,0.0,1.5440711495740926,2.0,10.518079493893444,2.185996807111991,1
8f51a327-7a86-40ab-802d-5e5ba7f74caa,3930176,Switzerland,Dan Ndoye,27,52,1,113.7,35.0,Regular Play,0.18121041,Goal,Open Play,Volley,Right Foot,True,,,,True,0.0,1.095513050487445,2.0,3.7720458228753766,3.133389377074309,1
f54a2de3-8b4c-4e99-ad7b-d8aea035b801,3930176,Switzerland,Dan Ndoye,30,0,1,101.6,26.3,From Throw In,0.046368696,Off T,Open Play,Normal,Left Foot,,,,,,0.0,1.6650201580225183,1.0,18.220747119129392,3.346545871126864,1
783910ad-0edd-4b31-9fe8-72507506295a,3930176,Germany,Robert Andrich,32,32,1,89.8,32.6,Regular Play,0.021470767,Blocked,Open Play,Normal,Right Foot,,,,,,1.0,3.585070621846939,1.0,27.314715826021164,3.5509254775162447,1
80b1c1b4-b406-4f6e-a32a-ba988572ef64,3930176,Germany,Antonio Rüdiger,40,38,1,114.5,47.4,From Corner,0.07583652,Off T,Open Play,Normal,Head,,,,,,0.0,2.922088457682483,1.0,7.497522898704016,0.7821489231254901,1
c0bc8645-df48-437b-9fff-a141bd59f8be,3930176,Germany,Kai Havertz,41,23,1,107.1,49.6,From Counter,0.074331574,Off T,Open Play,Half Volley,Left Foot,True,,,,,0.0,3.389815574702155,2.0,13.530696547190106,2.534321981389539,1
df7ec182-610c-450b-bb33-046ff22f9ee7,3930176,Germany,Robert Andrich,42,36,1,95.2,40.1,From Free Kick,0.024752146,Off T,Open Play,Volley,Right Foot,,,,,,2.0,3.3792080968676634,1.0,24.68029247960164,0.19122328307980752,1
b81ceff4-81c5-4e64-bd47-ccabdee8f75d,3930176,Germany,Jamal Musiala,49,54,2,101.0,49.4,Regular Play,0.10492643,Saved,Open Play,Normal,Right Foot,,,,,True,0.0,1.310237588543759,1.0,15.86310572747996,4.688574780234887,1
fa545579-1ddc-460f-9191-6d061ef894be,3930176,Germany,İlkay Gündoğan,49,55,2,103.1,41.9,Regular Play,0.13064142,Off T,Open Play,Half Volley,Left Foot,True,,,,,0.0,3.059310517643891,1.0,12.725940852864492,4.190581447582659,1
3ce3192f-0609-4c0d-8360-1eb1bc7a3daa,3930176,Germany,Toni Kroos,54,6,2,95.3,38.1,Regular Play,0.04210514,Off T,Open Play,Normal,Right Foot,True,,,,,1.0,5.521166030625723,0.0,21.734321225532334,3.0300352967165622,1
61594248-a55e-4108-be85-65cfd0225e32,3930176,Germany,David Raum,62,41,2,94.6,26.2,From Corner,0.024444293,Off T,Open Play,Normal,Left Foot,,,,,,0.0,5.461526490904413,0.0,25.754994612359038,2.763898495944275,1
2d569573-047a-4636-b45b-8c89eadbbe63,3930176,Germany,İlkay Gündoğan,63,32,2,110.0,40.4,Regular Play,0.06176375,Blocked,Open Play,Normal,Head,,,,True,True,0.0,0.4833951842461626,1.0,8.110979496572654,1.9694784867799626,1
d03525f9-1128-44d3-9f57-633950dcf333,3930176,Germany,Kai Havertz,63,46,2,110.4,38.4,From Corner,0.06201411,Off T,Open Play,Normal,Head,,,,True,True,0.0,0.9608060784001017,4.0,9.307005737273057,0.6343136109716596,1
07506e1b-9120-4af9-9e19-7e430ae289d3,3930176,Germany,Kai Havertz,67,3,2,115.1,42.0,From Free Kick,0.22987874,Off T,Open Play,Normal,Head,,,,,,1.0,0.71393581221134,2.0,5.3902359157781525,-0.12535464787634965,1
84d4875f-d25b-435a-a646-2917ab6a8609,3930176,Germany,Joshua Kimmich,69,47,2,114.2,47.9,Regular Play,0.09524317,Blocked,Open Play,Normal,Left Foot,,,,,,0.0,1.4239359625128019,2.0,4.818362398478113,2.788045352033123,1
00056d5a-c989-4783-a836-598c4e82ee04,3930176,Switzerland,Kwadwo Duah,73,11,2,93.6,51.6,Regular Play,0.024068562,Saved,Open Play,Normal,Right Foot,True,,,,,1.0,1.1445825254814967,1.0,25.7487141411318,2.6573871631660495,1
9235e8a0-c0e3-4268-b19b-ae384cfbd995,3930176,Germany,Leroy Sané,81,13,2,104.6,53.2,From Free Kick,0.037312206,Off T,Open Play,Half Volley,Left Foot,,,,,,2.0,4.296205213621654,1.0,16.514134139070155,2.969775810479632,1
013beebb-a635-4d18-8b1b-2458251c61cd,3930176,Germany,Kai Havertz,84,36,2,114.0,42.8,From Corner,0.18030311,Post,Open Play,Normal,Head,,,,,,0.0,0.9989997589456904,5.0,4.587900230271963,1.4491428002410487,1
0af9cf89-515c-42d8-b7de-393c1a60a44b,3930176,Switzerland,Granit Xhaka,87,51,2,93.4,33.9,Regular Play,0.028437931,Saved,Open Play,Normal,Left Foot,True,,,,,1.0,5.765820431694692,0.0,24.79526943824025,2.1307023887634244,1
3e2f7464-3fab-4224-8946-3999d09e0769,3930176,Germany,Niclas Füllkrug,91,6,2,113.6,41.4,From Free Kick,0.16287667,Goal,Open Play,Normal,Head,,,,True,True,2.0,0.7436687060532244,3.0,6.888333344718449,0.0811740664662608,1
cce9173c-61c6-405f-9b83-eb43bf838e24,3930169,Scotland,Scott McTominay,12,38,1,103.8,32.8,Regular Play,0.06252074,Goal,Open Play,Normal,Left Foot,True,,,,,1.0,4.680739804993686,1.0,14.963286132230941,2.823326461017288,1
5a2569f2-d7a4-4f46-85a6-9b8cea5d2edd,3930169,Switzerland,Ricardo Iván Rodríguez Araya,15,36,1,100.6,38.0,From Corner,0.03573002,Off T,Open Play,Volley,Left Foot,True,,,,True,3.0,3.0278177816325176,1.0,18.851265443682394,0.6121530935532462,1
de011ce0-37d6-401c-9745-993e2f3ab95a,3930169,Switzerland,Xherdan Shaqiri,25,34,1,98.1,32.5,Regular Play,0.08584379,Goal,Open Play,Normal,Left Foot,True,,,,,0.0,2.631878365061197,1.0,18.230627696795988,4.682795057982517,1
415e45af-dd5d-4bf4-a974-8380373fef95,3930169,Switzerland,Silvan Widmer,27,59,1,104.0,52.2,From Throw In,0.04224507,Off T,Open Play,Normal,Right Foot,,,,,,2.0,5.189553709512043,0.0,16.337195901165156,2.9186297323468295,1
7f4315b4-d9ed-4335-b4f1-fba046ddaba2,3930169,Switzerland,Dan Ndoye,29,29,1,110.8,33.1,From Free Kick,0.05182667,Blocked,Open Play,Normal,Right Foot,True,,,,,0.0,0.909953341345255,3.0,6.866630759230147,2.968016100796632,1
7b2d888d-377f-4473-90b7-d16a4be0c49f,3930169,Switzerland,Dan Ndoye,31,45,1,111.7,31.1,Regular Play,0.22225732,Saved,Open Play,Normal,Right Foot,,,,,,1.0,2.129249395125151,3.0,6.502319903208303,3.6890602838434887,1
37290aab-b381-49ed-bcf8-94662adea2d4,3930169,Scotland,Jack Hendry,37,46,1,107.7,38.9,From Free Kick,0.066154584,Wayward,Open Play,Normal,Head,,,,True,True,0.0,0.7227410120163532,4.0,10.636699942580794,1.7612669518180155,1
2a4c593e-fc13-4060-8c6f-fd4979f9dccb,3930169,Scotland,Che Adams,40,44,1,116.8,47.4,From Corner,0.10378359,Saved,Open Play,Volley,Right Foot,True,,,,,0.0,1.9077744011680895,2.0,4.100663025282717,1.4120586569400473,1
0043f796-5a9d-4aea-b6c9-1b182b26d8b2,3930169,Switzerland,Granit Xhaka,41,29,1,103.8,25.1,From Keeper,0.039015256,Saved,Open Play,Normal,Left Foot,True,,,,,1.0,4.909910558517829,1.0,19.738002059173088,1.3164824408981275,1
0d5c608d-bed0-4924-8535-7153e99436e0,3930169,Switzerland,Ruben Vargas,55,45,2,104.0,23.4,From Corner,0.026921839,Saved,Open Play,Normal,Right Foot,,,,,,0.0,2.3218377038051616,1.0,20.762962487746034,2.396413514867959,1
722b92b0-5f4e-48b3-a1b1-81f229dc6919,3930169,Switzerland,Dan Ndoye,57,59,2,102.8,37.7,From Counter,0.293888,Saved,Open Play,Normal,Right Foot,,,,,True,0.0,1.191667910519092,3.0,6.094432286470356,11.106382684484345,1
5f168a05-1fb5-43dc-bff5-130a4813b421,3930169,Switzerland,Ruben Vargas,63,27,2,107.2,25.6,From Throw In,0.04814583,Off T,Open Play,Normal,Right Foot,,,,,,0.0,2.7582856188190106,1.0,15.685436022838633,2.349002612418289,1
f439e2bb-546e-442e-ae4c-92c7709bc94f,3930169,Scotland,Billy Gilmour,64,31,2,89.4,44.5,Regular Play,0.025520865,Blocked,Open Play,Normal,Right Foot,,,,,,1.0,1.2562026184621746,1.0,27.252200003760986,3.694038882268984,1
d92ca7c9-86b1-42dd-a1be-b199bb768086,3930169,Scotland,Grant Campbell Hanley,66,15,2,114.8,36.6,From Free Kick,0.19868778,Post,Open Play,Normal,Head,,,,True,True,0.0,0.5885775878657872,3.0,5.390902049693285,0.8799697869150549,1
0d37faf3-efd8-453f-af74-0c778ed59dae,3930169,Scotland,Scott McKenna,73,16,2,106.4,38.2,From Free Kick,0.025902173,Off T,Open Play,Normal,Head,,,,True,True,0.0,0.8402239281954921,6.0,10.992476015225046,2.607670441863121,1
1e0f459a-c45b-4081-b286-0255320d1637,3930169,Scotland,Billy Gilmour,75,25,2,112.3,34.2,From Corner,0.062246423,Blocked,Open Play,Normal,Head,,,,True,True,2.0,0.7985274175545871,6.0,5.910382793569173,2.629196542488245,1
91a8221a-bc0d-4827-8f41-363f4325dcf6,3930169,Switzerland,Dan Ndoye,77,22,2,108.3,23.4,From Free Kick,0.034561172,Off T,Open Play,Normal,Right Foot,,,,,True,1.0,1.1777927703972817,2.0,15.154407021042575,3.0791391355802205,1
1d977689-ed6b-4208-866d-56db214ef0a3,3930169,Scotland,Scott McTominay,80,43,2,109.4,43.5,Regular Play,0.049823087,Wayward,Open Play,Normal,Head,,,,,,0.0,1.7270341229534951,2.0,9.962643338011366,2.1386356005758387,1
6e61c297-9dac-4257-9084-6512d377fdde,3930169,Scotland,Scott McTominay,80,47,2,107.3,44.8,Regular Play,0.06748764,Blocked,Open Play,Volley,Right Foot,True,,,,True,1.0,2.555494848233718,3.0,12.23900074112309,0.8998936579438634,1
3e241a5a-8720-4c50-a94c-f3a11bfa21d5,3930169,Scotland,Scott McTominay,80,48,2,107.7,42.7,Regular Play,0.065750904,Blocked,Open Play,Half Volley,Right Foot,True,,,,,1.0,2.607968512143248,2.0,11.674051628010124,0.6905685548208851,1
e8c4ac5c-cdbc-4eee-bf14-af08e564b0f7,3930169,Scotland,Kenneth McLean,86,13,2,98.5,60.6,From Free Kick,0.011382165,Saved,Open Play,Normal,Left Foot,,,,,True,0.0,2.023302785204902,1.0,26.314325539083786,2.1475856982665675,1
9a2dc7e9-b541-4997-9b69-f2fc5f9a2aad,3930169,Switzerland,Mohamed Zeki Amdouni,89,12,2,112.3,34.8,From Free Kick,0.10971865,Off T,Open Play,Normal,Head,,,,,,0.0,1.036996428192325,2.0,7.999212076165484,1.1453765114902836,1
5397262b-7f4b-4939-ad25-e98d1214b770,3930169,Scotland,Callum McGregor,90,54,2,100.0,32.0,From Goal Kick,0.032622617,Off T,Open Play,Half Volley,Left Foot,True,,,,,4.0,5.1862566572910485,0.0,20.112901314132046,0.7876707728965471,1
32cac30e-8e80-477d-a1ea-e0b77d95e54b,3942819,Netherlands,Xavi Simons,6,41,1,99.6,51.2,Regular Play,0.04893475,Goal,Open Play,Normal,Right Foot,,,,,,0.0,2.836741409374292,2.0,19.457329287955922,3.154930529886954,1
69286b28-e517-40e0-9837-b42a6c4b98dc,3942819,England,Harry Kane,12,39,1,88.2,36.6,Regular Play,0.028932061,Saved,Open Play,Normal,Right Foot,,,,,,0.0,3.4747263340599903,2.0,29.858804135569507,2.102697246698554,1
7d97a51d-00ba-4d25-9932-f8a886bb6bfa,3942819,England,Bukayo Saka,13,41,1,104.5,41.6,From Throw In,0.07174964,Blocked,Open Play,Normal,Left Foot,,,,,,1.0,1.4277483374542472,6.0,12.558313429249212,2.943365728612889,1
53d019c8-0b54-4e54-a4f7-48a15b6a50ce,3942819,England,Harry Kane,17,34,1,108.1,40.0,Other,0.7835,Goal,Penalty,Normal,Right Foot,,,,,,0.0,9.908875571479749,0.0,11.512263305769562,0.39714209008636203,1
367baff5-8bd3-4e0a-9e9c-2a2a60592d4c,3942819,England,Phil Foden,22,28,1,117.0,47.6,Regular Play,0.17228934,Saved,Open Play,Normal,Right Foot,,,,,,0.0,2.230641111787514,2.0,1.638416524352031,2.899807807206301,1
4e491901-dc43-4426-b65f-4535c96ec95b,3942819,Netherlands,Donyell Malen,28,15,1,102.9,45.1,From Counter,0.039829366,Blocked,Open Play,Normal,Left Foot,True,,,,,0.0,0.7853428289164832,3.0,13.863710028627521,3.699535016474371,1
92445b44-1622-4d7d-bdf1-ad35c7410f52,3942819,Netherlands,Denzel Dumfries,29,8,1,111.3,43.4,From Corner,0.0631593,Post,Open Play,Normal,Head,,,,True,True,2.0,0.7271488162675624,6.0,8.116467654524605,1.2953749504205945,1
4d7adad8-b7d7-4cef-892e-6ff632b93eac,3942819,England,Phil Foden,31,21,1,95.8,51.6,From Goal Kick,0.028710563,Post,Open Play,Normal,Left Foot,,,,,True,2.0,2.040582640312526,1.0,24.003812258817643,2.4854025274577083,1
435955d3-98f0-41cd-9e2b-a0e4cea1c47e,3942819,England,Phil Foden,38,41,1,98.4,50.6,Regular Play,0.03463848,Saved,Open Play,Normal,Left Foot,True,,,,,1.0,1.3683816940015208,1.0,23.35303611425634,1.0417487433571182,1
cd4e2c9d-9dfe-48d0-8e34-843457dbc83e,3942819,England,Kobbie Mainoo,40,27,1,98.8,52.9,Regular Play,0.029809527,Blocked,Open Play,Normal,Right Foot,,,,,True,0.0,1.4642150574272137,2.0,21.170019496509926,3.0994695859191808,1
991ed1ff-7799-4041-80a2-2e1d0dd5cd08,3942819,Netherlands,Virgil van Dijk,64,20,2,109.5,33.3,From Free Kick,0.08157874,Saved,Open Play,Half Volley,Left Foot,True,,,,True,0.0,0.5472326744797955,2.0,10.276862101072028,1.8806485366743857,1
ecc29dd2-500f-4f1f-bf88-5c666b61104d,3942819,Netherlands,Denzel Dumfries,64,53,2,111.1,44.6,From Corner,0.058512155,Off T,Open Play,Normal,Head,,,,True,True,0.0,0.2199068222616802,5.0,7.082219203781317,2.0702203007371054,1
2e1c2d14-b3d7-4b6a-baa0-79b5f725031a,3942819,Netherlands,Wout Weghorst,76,57,2,110.4,38.9,From Throw In,0.057835978,Blocked,Open Play,Normal,Head,,,,True,True,0.0,1.3454214275475778,3.0,7.492433971213568,2.4714766511359443,1
0087b586-e914-4284-a0db-db888fbc9732,3942819,Netherlands,Xavi Simons,76,58,2,103.5,45.0,From Throw In,0.06232192,Saved,Open Play,Volley,Right Foot,True,,,,,2.0,6.095560504970039,0.0,16.2996047558702,0.7505610051095744,1
c12608dd-c9bd-47ae-81eb-913fb1ae6966,3942819,England,Cole Palmer,87,48,2,104.8,50.4,From Goal Kick,0.051446717,Off T,Open Play,Normal,Left Foot,,,,,,1.0,2.6924428971284113,2.0,16.125419272818434,2.322373517132803,1
dc16ea8a-eab7-403d-ad54-778ba19a16b5,3942819,England,Ollie Watkins,90,0,2,110.4,53.5,From Free Kick,0.035494413,Goal,Open Play,Normal,Right Foot,,,,,,0.0,2.0854612734327107,1.0,12.624737738872678,2.4094552665034144,1
ed5aa53b-8d52-4c98-9288-f296490ed018,3943043,Spain,Nicholas Williams Arthuer,11,13,1,115.6,28.4,From Free Kick,0.06802966,Blocked,Open Play,Normal,Left Foot,,True,,,True,0.0,0.7354601555611979,2.0,8.40467699883052,0.8021352208975827,1
65b2d9a9-ccf3-41ce-a022-d93f3cc12fe2,3943043,Spain,Robin Aime Robert Le Normand,12,21,1,112.9,36.2,From Corner,0.11746518,Off T,Open Play,Overhead Kick,Right Foot,True,,,,True,4.0,1.8356191760015748,3.0,7.285298176369394,1.2516840627505417,1
740b5405-0da9-445a-b637-23bd367b1ec9,3943043,England,Declan Rice,16,20,1,96.2,40.8,From Corner,0.0489952,Blocked,Open Play,Normal,Right Foot,True,,,,True,0.0,2.9293966040405475,1.0,20.872218408509365,2.9489309037722364,1
62221e64-f893-42d5-ad39-6f537c52749e,3943043,Spain,Fabián Ruiz Peña,27,27,1,101.2,49.8,From Throw In,0.048117142,Saved,Open Play,Normal,Right Foot,,,,,,0.0,1.152324237410696,3.0,17.483843992096674,3.581630058143091,1
f00f0c30-9b2c-4e6f-b806-d3e08d0fc476,3943043,Spain,Daniel Olmo Carvajal,34,58,1,95.0,31.2,From Corner,0.02654902,Blocked,Open Play,Normal,Right Foot,,,,,,2.0,6.308664692959159,0.0,25.47743232467165,1.304149124216167,1
697a6965-fa21-43ab-a3b0-918a60b808fe,3943043,Spain,Álvaro Borja Morata Martín,42,24,1,113.9,30.2,Regular Play,0.07835983,Blocked,Open Play,Normal,Right Foot,True,,,,,0.0,0.8093056372323152,2.0,4.373883737312132,4.086639042336856,1
51c2632d-268c-4868-a59e-21913e72f24d,3943043,England,Harry Kane,44,5,1,102.6,36.7,Regular Play,0.048372418,Blocked,Open Play,Half Volley,Right Foot,,,,,,1.0,1.0872587525861164,3.0,14.634552504553008,2.8700463828158718,1
e38b5cea-bb67-4a27-9922-0aa27dca12bf,3943043,England,Phil Foden,45,41,1,114.4,29.9,From Free Kick,0.1796937,Saved,Open Play,Volley,Left Foot,True,,,,,1.0,1.9082516223666093,1.0,9.163703389526516,0.3193727077887303,1
bf03dfcf-f281-4646-98de-620649a1308b,3943043,Spain,Nicholas Williams Arthuer,46,9,2,109.9,28.0,From Throw In,0.1124816,Goal,Open Play,Normal,Left Foot,True,,,,,0.0,4.57480668411152,1.0,10.740435484879006,3.1235569106022467,1
eb224ecc-5bda-4d48-9175-d8820cfaff6b,3943043,Spain,Daniel Olmo Carvajal,48,19,2,108.8,32.1,Regular Play,0.2455793,Off T,Open Play,Half Volley,Left Foot,,,,,,0.0,3.3961856747012864,2.0,10.163524989693284,2.816779858265974,1
2244d0af-309c-4d05-bcf4-e0b23e261631,3943043,Spain,Álvaro Borja Morata Martín,54,15,2,95.8,46.1,From Free Kick,0.02528921,Blocked,Open Play,Normal,Left Foot,,,,,True,0.0,4.5936244842567415,1.0,20.131299974591172,4.090634947548509,1
2ac8860e-1db7-41c4-94a8-fb6d6db1a759,3943043,Spain,Álvaro Borja Morata Martín,54,58,2,110.9,51.0,From Throw In,0.24310583,Wayward,Open Play,Normal,Right Foot,True,,,,,0.0,2.2405639967670563,1.0,2.271228496468985,7.33014555971603,1
cdf58415-0b1c-4423-817f-bffdf3bd5e60,3943043,Spain,Nicholas Williams Arthuer,55,23,2,97.2,43.4,From Throw In,0.04913289,Off T,Open Play,Normal,Right Foot,,,,,,1.0,2.925190120987351,2.0,21.750132633783455,1.202923355987764,1
edeecb6f-aeb4-48e7-bb14-d604c052697c,3943043,England,Jude Bellingham,63,12,2,99.0,37.2,From Free Kick,0.05628593,Off T,Open Play,Normal,Left Foot,,,,,True,0.0,1.7441424670185377,2.0,18.561339586954436,2.5994893231157192,1
8c7e31e4-cecc-4fdc-9327-71cb93f3d026,3943043,Spain,Lamine Yamal Nasraoui Ebana,65,45,2,103.5,49.7,From Counter,0.16213313,Saved,Open Play,Normal,Left Foot,,,,,,1.0,2.0416558273855645,2.0,11.29824958332432,6.736510261193217,1
a9944860-4153-4dd8-a7c3-3a4c87ea657a,3943043,Spain,Aymeric Laporte,66,27,2,111.9,43.8,From Corner,0.097933225,Blocked,Open Play,Normal,Head,,,,True,True,1.0,1.6580393723001339,4.0,7.858162486719174,0.638816528775692,1
d4649b09-c027-4518-bfc5-9f7af39375bb,3943043,Spain,Fabián Ruiz Peña,69,7,2,93.3,35.9,From Corner,0.03257165,Off T,Open Play,Normal,Left Foot,,,,,,2.0,2.183704203346199,1.0,25.555697558693122,1.4516762387365958,1
95e40e0a-02c0-4458-9168-e6e5ea45ba26,3943043,England,Ollie Watkins,69,59,2,91.0,40.1,From Goal Kick,0.07470869,Blocked,Open Play,Lob,Right Foot,True,,,,True,0.0,1.1680789230917663,1.0,15.235001851253855,13.765534127525797,1
9060376b-3695-4d48-877d-87422ff58594,3943043,Spain,Mikel Oyarzabal Ugarte,71,50,2,112.0,24.9,From Counter,0.037707567,Saved,Open Play,Normal,Left Foot,True,,,,,0.0,2.362101871650899,2.0,14.462038310273586,2.6933224203467034,1
b4249c3f-4c32-4d2c-bb40-102b5334b3ad,3943043,England,Cole Palmer,72,8,2,98.4,49.0,From Keeper,0.03794335,Goal,Open Play,Normal,Left Foot,True,,,,,3.0,7.6163288327711625,0.0,21.264925503210815,1.7017048281349787,1
94d6e684-9fa8-42af-bbdf-64edf630ee97,3943043,Spain,Lamine Yamal Nasraoui Ebana,81,13,2,107.2,50.2,Regular Play,0.16392969,Saved,Open Play,Normal,Left Foot,True,,,,,0.0,6.5925526190938415,0.0,12.335395909050591,3.0555244854802766,1
19d5c45f-8d91-44dd-823a-18966038e3e4,3943043,Spain,Mikel Oyarzabal Ugarte,85,56,2,111.2,36.3,From Throw In,0.2833282,Goal,Open Play,Normal,Right Foot,True,,,,,0.0,1.8553165862121066,1.0,4.052422990583487,5.493245799703146,1
54639572-bd72-4f5b-9197-7a088d6e0b7e,3943043,England,Declan Rice,89,14,2,109.5,44.1,From Corner,0.057442125,Saved,Open Play,Normal,Head,,,,,,1.0,0.9414664225295514,3.0,10.19268509052834,0.48275920499418135,1
6752508a-1f4e-42d4-8ae2-66bdaed4bf8c,3943043,England,Marc Guehi,89,15,2,114.8,35.5,From Corner,0.117154144,Blocked,Open Play,Normal,Head,,,,True,True,2.0,1.3452920603748233,5.0,4.759388074401908,2.448562670291224,1
267d2d25-5fe6-4fd2-855d-39ce05650bc4,3943043,England,Declan Rice,89,17,2,113.1,41.4,From Corner,0.10578214,Off T,Open Play,Normal,Head,,,,,,1.0,3.398716074608406,2.0,6.278448591068639,2.0992151253547036,1
45aee027-8c56-4ae1-9180-1e1efdecdb9a,3942752,Spain,Fabián Ruiz Peña,4,49,1,115.4,35.9,Regular Play,0.19328672,Off T,Open Play,Normal,Head,,,,,,0.0,5.553473709926102,0.0,6.5719743019247865,5.632509580522338,1
d43cc345-870d-4089-862d-e4cca8ae9702,3942752,France,Randal Kolo Muani,8,1,1,114.9,43.7,From Free Kick,0.27131972,Goal,Open Play,Normal,Head,,,,,,0.0,2.8062952178398537,2.0,5.000476597521375,3.381676166212685,1
3bb91870-c024-4483-adaf-b19df457bc06,3942752,France,Kylian Mbappé Lottin,15,43,1,88.6,45.1,From Free Kick,0.030292137,Blocked,Free Kick,Normal,Right Foot,,,,,,1.0,10.016533557427612,0.0,29.16601981518145,2.6791551388973858,1
40b29bc8-8ca9-4fdc-be95-c9197e42b8fc,3942752,France,Kylian Mbappé Lottin,18,16,1,102.9,30.2,Regular Play,0.08122322,Blocked,Open Play,Normal,Right Foot,,,,,True,1.0,2.2698166956700847,4.0,17.113339398609575,2.492184707159808,1
fedfb68d-1107-4594-984e-6761d6ccb9b2,3942752,Spain,Lamine Yamal Nasraoui Ebana,20,15,1,93.2,47.1,From Goal Kick,0.02681241,Goal,Open Play,Normal,Left Foot,,,,,,,,,,,0
e6efc8f2-04ee-4e4a-8b34-e40166ad550d,3942752,Spain,Daniel Olmo Carvajal,24,23,1,111.6,50.8,From Throw In,0.07387237,Goal,Open Play,Normal,Right Foot,,,,,True,0.0,3.523522348133346,2.0,7.758462352251022,3.437483898846068,1
2818d5ee-514d-41f9-b03b-05a9c0109b17,3942752,Spain,Fabián Ruiz Peña,35,35,1,99.7,39.5,From Free Kick,0.04887295,Blocked,Open Play,Half Volley,Left Foot,,,,,True,2.0,1.6013902484896578,2.0,17.295148703844852,3.126910431468673,1
fdfcd213-c371-4c1b-8c3e-50859701d64c,3942752,Spain,Lamine Yamal Nasraoui Ebana,39,59,1,97.7,49.9,Regular Play,0.024287114,Blocked,Open Play,Normal,Left Foot,,,,,True,0.0,1.0031727824198398,1.0,18.90469187116217,5.078246311540795,1
6a4a7af6-93d3-427a-ba0a-f5bc59329246,3942752,France,Aurélien Djani Tchouaméni,52,45,2,111.9,37.4,From Corner,0.08108944,Saved,Open Play,Normal,Head,,,,,,1.0,0.40339817297750935,5.0,7.9765298611534305,0.740878422958815,1
790e18c0-a87c-4c90-bc67-610e5bfdf5a0,3942752,France,Kylian Mbappé Lottin,55,59,2,111.3,24.4,Regular Play,0.037130367,Saved,Open Play,Normal,Right Foot,,,,,,0.0,1.575310177150152,2.0,13.749833840467167,2.967460613559126,1
a9137c46-91dd-429f-83bf-8f61b49dad9f,3942752,France,Dayotchanculle Upamecano,62,25,2,115.4,46.4,From Corner,0.09654521,Off T,Open Play,Normal,Head,,,,True,True,1.0,1.1270184572031952,3.0,3.2989508670812446,1.7739827535543498,1
7445baaf-9b18-4280-93d0-9945f8b66037,3942752,France,Theo Bernard François Hernández,75,6,2,103.1,34.5,Regular Play,0.12171783,Off T,Open Play,Normal,Right Foot,True,,,,,1.0,4.9103068282601114,1.0,16.981076891884488,0.8179246509414213,1
95fbf2a0-29b3-4bb8-b276-56198d80e5aa,3942752,Spain,Lamine Yamal Nasraoui Ebana,80,56,2,100.4,51.7,Regular Play,0.05438437,Off T,Open Play,Normal,Left Foot,,,,,,1.0,2.777293963094093,2.0,19.995737437367996,1.972139445812985,1
cad3e317-fe85-41bb-8cef-ebddd73c1e0f,3942752,France,Kylian Mbappé Lottin,85,23,2,104.1,29.6,From Goal Kick,0.09963949,Off T,Open Play,Normal,Right Foot,,,,,,0.0,1.8019046962395595,1.0,15.952714881057746,3.826510433072457,1
965b39a3-f35e-437e-9ac7-7073806a7453,3942752,France,Antoine Griezmann,94,39,2,109.8,46.9,From Throw In,0.03180728,Blocked,Open Play,Normal,Head,,,,True,True,0.0,2.33830997290745,1.0,6.787596031999667,3.6783335963488355,1
ab65d71a-61c3-4ac7-bec0-aec4aafe33ab,3942382,Netherlands,Memphis Depay,0,59,1,103.7,33.2,From Throw In,0.1305271,Off T,Open Play,Normal,Right Foot,,,,,,0.0,3.2829045759952025,3.0,13.816308500258854,3.4898431890585755,1
314737e9-1412-4723-b55b-e15eb1ce2deb,3942382,Netherlands,Memphis Depay,6,0,1,108.3,42.5,Regular Play,0.064000264,Blocked,Open Play,Half Volley,Left Foot,,,,,,0.0,2.4422218431416636,4.0,10.160250736597355,1.6566040363166792,1
076c2b59-b25f-445c-9e72-170a367a41ab,3942382,Turkey,Salih Özcan,10,4,1,94.1,49.4,Regular Play,0.025876114,Off T,Open Play,Normal,Right Foot,,,,,,1.0,5.696145493384388,0.0,25.07335277846187,2.153492578568489,1
911a00cb-144b-4e6e-a22e-3acafcdb566c,3942382,Netherlands,Xavi Simons,11,35,1,95.1,32.8,Regular Play,0.03922345,Off T,Open Play,Normal,Right Foot,,,,,,0.0,3.967239711894954,1.0,21.662899574874512,4.675799856076594,1
9d704db4-c1ad-4aaa-95d0-d91b15b43961,3942382,Turkey,Hakan Çalhanoğlu,20,28,1,98.9,57.7,From Throw In,0.018811692,Blocked,Open Play,Normal,Right Foot,,,,,,1.0,2.332815498953481,3.0,23.289393588856395,3.250246672253226,1
db039992-7e6d-46ab-9f0b-7f30a32f88fc,3942382,Turkey,Abdülkerim Bardakcı,28,8,1,110.5,34.8,From Free Kick,0.103276074,Off T,Open Play,Volley,Right Foot,True,,,,True,0.0,2.3440454292884407,3.0,8.129095882531177,2.35872583543906,1
b7661411-42e7-4fc2-86a2-ba9534867d6b,3942382,Turkey,Arda Güler,31,48,1,99.3,66.6,From Throw In,0.006275559,Off T,Open Play,Normal,Left Foot,True,,,,True,0.0,2.657299529402847,4.0,30.598703285033057,3.631260083401699,1
aab54e8c-824c-4ee0-96f3-c8083909e643,3942382,Turkey,Kenan Yildiz,33,11,1,105.0,22.8,From Corner,0.019850902,Off T,Open Play,Normal,Right Foot,,,,,True,0.0,2.171632772729767,1.0,20.030198905778814,2.7002750288124275,1
a7cb804f-25ac-47f8-9feb-95332e946561,3942382,Turkey,Samet Akaydin,34,47,1,117.9,35.1,From Corner,0.24565445,Goal,Open Play,Normal,Head,,,True,True,True,1.0,0.9006288251365792,3.0,4.8211259598183815,2.637111750418825,1
bbcca5ab-e7a6-466a-9218-5a5b2c7b3cb9,3942382,Netherlands,Steven Bergwijn,41,40,1,93.2,50.5,Regular Play,0.025480429,Off T,Open Play,Normal,Right Foot,,,,,,1.0,0.6818137578715294,3.0,,,1
944a6552-a11c-4616-8d76-ceb3dbbf333b,3942382,Turkey,Arda Güler,55,15,2,90.2,45.9,From Free Kick,0.042380717,Saved to Post,Free Kick,Normal,Left Foot,,,,,,3.0,10.184533101418983,0.0,30.292215443332072,0.13036131126283124,1
09352e53-f95a-4cee-9ba9-5f475962945c,3942382,Netherlands,Memphis Depay,56,39,2,95.0,31.7,From Goal Kick,0.02907499,Saved,Open Play,Normal,Right Foot,,,,,,0.0,1.7844854265320464,2.0,,,1
6e769e0c-e7af-4e9c-b14b-b3a8894cbc94,3942382,Netherlands,Memphis Depay,62,24,2,102.6,24.6,Regular Play,0.03874837,Blocked,Open Play,Normal,Right Foot,True,,,,,0.0,5.329010721311006,0.0,19.355705881132042,3.027755146925699,1
170a1f9b-108f-41df-9958-ddc49e1a741e,3942382,Turkey,Kenan Yildiz,64,26,2,97.4,42.2,From Free Kick,0.038447194,Saved,Open Play,Normal,Right Foot,True,,,,,3.0,3.4501246047689125,1.0,21.38523906314613,1.3294187396045771,1
15d47c95-497c-46b9-ada0-51d3b4c5b5fd,3942382,Netherlands,Cody Mathès Gakpo,69,9,2,110.5,37.0,Regular Play,0.07885103,Blocked,Open Play,Overhead Kick,Right Foot,True,,,,,0.0,1.406663096233597,3.0,7.490297551180538,2.5378999627115206,1
940a3325-0c77-4511-ba05-c7f4fb12a885,3942382,Netherlands,Wout Weghorst,69,20,2,114.1,47.8,Regular Play,0.15561853,Saved,Open Play,Volley,Right Foot,True,,,,,0.0,4.1673641595186055,1.0,7.2208284752520076,0.7975763164337621,1
962246b0-535e-4819-a7a5-18613a717d6e,3942382,Netherlands,Stefan de Vrij,69,54,2,110.1,39.1,From Corner,0.061265625,Goal,Open Play,Normal,Head,,,,,,0.0,1.1450075844361554,4.0,8.150554430703263,2.3129931395017564,1
1cd28d9f-31aa-4158-9438-1d6308999199,3942382,Netherlands,Joey Veerman,74,41,2,95.1,28.0,From Corner,0.024245147,Blocked,Open Play,Normal,Right Foot,,,,,,0.0,5.266953628862525,0.0,23.869702878736952,4.239023867393499,1
9e6152be-5fca-4121-a7b7-9c73457c845d,3942382,Turkey,Cenk Tosun,83,24,2,108.2,46.5,Regular Play,0.041926187,Off T,Open Play,Normal,Head,,,,,True,1.0,1.1561710151909808,1.0,10.003201003912961,2.5656576878076436,1
3ed27002-41cf-400f-8286-40627e2e5efe,3942382,Turkey,Mehmet Zeki Çelik,84,29,2,110.5,50.7,From Free Kick,0.24236712,Blocked,Open Play,Normal,Right Foot,True,,,,,1.0,2.62128433872527,1.0,13.513177212626987,6.724633893162121,1
b0d4a53f-769b-4f2c-9c13-712af8b63e03,3942382,Turkey,Muhammed Kerem Aktürkoğlu,84,38,2,110.2,29.0,From Free Kick,0.08011716,Blocked,Open Play,Normal,Right Foot,,,,,,1.0,4.676301768400452,1.0,10.89038290373771,2.275026209639549,1
0d5c4d79-27b7-4b7c-80a6-b75b10db55ad,3942382,Turkey,Cenk Tosun,87,59,2,111.3,34.1,From Throw In,0.07797563,Off T,Open Play,Normal,Head,,,,True,True,0.0,0.5965264859391582,1.0,9.192118429239416,1.7254485372424995,1
2da799d8-f90f-4724-b1f2-5c21399704f4,3942382,Netherlands,Cody Mathès Gakpo,88,48,2,106.9,25.8,From Goal Kick,0.07189418,Saved,Open Play,Half Volley,Left Foot,True,,,,,0.0,4.497939844003496,2.0,12.60023755138745,5.20444836018828,1
8f99613d-39d8-4aa3-8bc6-5cc0f3954219,3942382,Turkey,Muhammed Kerem Aktürkoğlu,89,49,2,115.1,30.4,From Free Kick,0.095398486,Off T,Open Play,Normal,Head,,,,,,1.0,4.847403197077995,1.0,10.929855781998905,0.29534513208760416,1
bf58e6a5-0026-48ca-a09e-0b6c5e4ad5a7,3942382,Turkey,Semih Kılıçsoy,91,0,2,111.3,41.6,Regular Play,0.113987,Saved,Open Play,Normal,Other,,,,,,0.0,2.091564578594669,1.0,7.500077082344466,2.8290313083623744,1
82750583-014e-4746-81b2-10c71eb5c979,3942382,Turkey,Hakan Çalhanoğlu,92,42,2,101.2,29.4,Regular Play,0.030088589,Blocked,Open Play,Normal,Left Foot,,,,,,0.0,1.7008125630059474,2.0,18.08066055461248,3.098884587619864,1
b763a8c3-821c-4729-ba62-fc749e5a54ee,3942349,Portugal,Bruno Miguel Borges Fernandes,15,51,1,92.5,32.9,Regular Play,0.02740746,Blocked,Open Play,Normal,Right Foot,,,,,,3.0,1.2843675252296811,3.0,26.826191462494688,1.7530453207548788,1
6f1f0275-31db-43c9-8f6f-49c1d707dbba,3942349,France,Theo Bernard François Hernández,19,32,1,91.4,26.7,Regular Play,0.017666074,Saved,Open Play,Normal,Left Foot,,,,,,0.0,3.271373856344564,1.0,26.402704253768103,4.40385887837148,1
91f10b47-e91c-401d-b348-65bce92dc974,3942349,France,Antoine Griezmann,27,33,1,98.0,59.1,Regular Play,0.009978434,Blocked,Open Play,Normal,Left Foot,,,,,,2.0,5.427714707952353,0.0,25.446577799391413,2.9159348475864135,1
dbe8f8f0-ef11-439b-ba57-3c85f1ade93f,3942349,France,Eduardo Camavinga,27,41,1,94.9,25.6,Regular Play,0.021160081,Off T,Open Play,Normal,Left Foot,,,,,True,1.0,0.9733419253430187,1.0,26.395351234926274,1.9697133855221693,1
86b7e8c2-da3b-41fb-b2e6-b03b9c90469f,3942349,Portugal,Bruno Miguel Borges Fernandes,41,32,1,93.9,26.0,From Free Kick,0.03952836,Off T,Free Kick,Normal,Right Foot,,,,,,,,,,,0
50783f1e-3baa-4871-92bb-16bdc4e4e65a,3942349,France,Kylian Mbappé Lottin,49,6,2,99.5,28.3,From Throw In,0.033553086,Saved,Open Play,Normal,Right Foot,True,,,,True,0.0,1.035841742225903,2.0,20.80374768409883,2.7698598542766746,1
891dba98-fe8b-46b5-927a-b38435197ba0,3942349,France,Aurélien Djani Tchouaméni,50,29,2,89.5,30.2,From Free Kick,0.019283272,Blocked,Open Play,Normal,Right Foot,,,,,,0.0,3.081882017044709,1.0,29.59524450309783,2.4668264398774227,1
c6aab686-fd54-4ac0-9833-bdd1139b90a5,3942349,Portugal,Bernardo Mota Veiga de Carvalho e Silva,53,53,2,111.7,47.2,From Corner,0.04770692,Blocked,Open Play,Normal,Head,,,,,,0.0,3.0143907485792503,1.0,8.69199549236343,1.4822628531168789,1
f0812c28-09e0-41a1-a098-a31cf41bae9e,3942349,Portugal,Bruno Miguel Borges Fernandes,60,25,2,109.3,52.1,From Free Kick,0.13447225,Saved,Open Play,Normal,Right Foot,True,,,,,0.0,4.48865067148996,1.0,11.266050934325945,3.0384641857109926,1
c6ef5e64-8985-48a1-bfb6-d48f68b37f83,3942349,Portugal,João Pedro Cavaco Cancelo,60,36,2,105.7,52.8,From Free Kick,0.052601743,Off T,Open Play,Normal,Left Foot,,,,,True,0.0,0.7348816354256799,2.0,13.702988999940525,3.9975051466495017,1
c18f4aa3-8565-49e7-9f52-381553e8a0f9,3942349,France,Aurélien Djani Tchouaméni,62,2,2,91.6,23.0,From Goal Kick,0.006239464,Wayward,Open Play,Normal,Right Foot,,,,,,1.0,4.260489269322713,1.0,30.46352325326904,2.6761125151367935,1
0b09c39b-d564-43a5-a141-63d5f365fd49,3942349,Portugal,Vitor Machado Ferreira,62,36,2,110.4,32.9,From Goal Kick,0.264942,Saved,Open Play,Normal,Right Foot,True,,,,,0.0,6.392540241720302,0.0,8.81545719431446,3.689016425928287,1
e0340c74-4ac1-47b5-9754-3779a33c8763,3942349,Portugal,Cristiano Ronaldo dos Santos Aveiro,62,39,2,118.7,45.1,From Goal Kick,0.1352057,Saved,Open Play,Backheel,Right Foot,True,,,,,0.0,2.0798852732706288,1.0,0.9163469523181422,2.1932715835721126,1
2453f372-9206-457d-9c09-751060756e56,3942349,France,Randal Kolo Muani,65,33,2,107.2,49.3,Regular Play,0.116558924,Blocked,Open Play,Half Volley,Right Foot,True,,,,,0.0,2.6812984640461606,1.0,7.789493469102526,6.087275941580927,1
e9d5a319-59e1-4c67-bf40-8fe081d8f0f5,3942349,France,Kylian Mbappé Lottin,66,54,2,108.1,54.2,From Corner,0.022234876,Blocked,Open Play,Normal,Right Foot,,,,,True,0.0,0.624255076965077,3.0,12.825647814828585,2.430008122970847,1
6763a086-a864-4174-beac-e32eda9c90cb,3942349,France,Ousmane Dembélé,69,47,2,113.7,56.4,Regular Play,0.010713111,Blocked,Open Play,Normal,Right Foot,,,,,,0.0,0.840332330580425,2.0,12.762498386548573,2.1823290927674464,1
42507307-4ee5-464a-b9b3-4f2822f1303d,3942349,France,Eduardo Camavinga,69,49,2,114.8,50.0,Regular Play,0.23683809,Post,Open Play,Normal,Right Foot,,,,,,0.0,4.223959136946854,1.0,4.767240488174866,2.0726680391725836,1
342d5e0a-b57f-47b3-a1b5-67c23ff875df,3942349,France,Ousmane Dembélé,73,16,2,99.1,57.0,From Throw In,0.02501046,Post,Open Play,Normal,Left Foot,,,,,True,1.0,2.6085233181496585,3.0,24.241656935802165,3.5402713145668514,1
48095704-d68a-4886-8374-d026f98dc8a6,3942349,Portugal,Cristiano Ronaldo dos Santos Aveiro,84,57,2,99.5,61.1,From Free Kick,0.010742701,Blocked,Free Kick,Normal,Right Foot,,,,,,1.0,9.552832067232488,0.0,28.060216312401366,0.8639047667835484,1
8d99b6ac-67d3-44fc-96cd-adff82579f85,3942349,Portugal,Vitor Machado Ferreira,85,7,2,88.0,22.7,From Free Kick,0.00655848,Blocked,Open Play,Normal,Right Foot,,,,,,0.0,3.4857677256521864,1.0,33.23159774768181,5.175495866268463,1
7269ffad-cbb8-45ab-b26c-c879877e45eb,3942349,France,N'Golo Kanté,87,22,2,93.9,33.2,Regular Play,0.02393025,Saved,Open Play,Normal,Right Foot,,,,,,1.0,2.562968466900847,1.0,23.373490718252683,3.3572501402823605,1
9cc7b83e-4b52-4411-a6d5-f6c31ce5bc5d,3942349,France,N'Golo Kanté,88,44,2,96.4,33.1,From Free Kick,0.052443802,Saved,Open Play,Normal,Right Foot,,,,,True,1.0,2.9841919143725018,3.0,20.45259417391102,4.237365525085465,1
002f3baf-e461-4f46-a2c4-81cfb0d22900,3942349,Portugal,Bernardo Mota Veiga de Carvalho e Silva,89,58,2,107.5,53.3,From Keeper,0.050959174,Blocked,Open Play,Half Volley,Left Foot,,,,,,1.0,3.8424413973563567,4.0,13.224858553491766,3.3292380935008623,1
acaab1b9-2913-4263-ae7f-d80ff94a8c7e,3942349,France,Kylian Mbappé Lottin,91,2,2,96.1,25.4,From Corner,0.019525701,Off T,Open Play,Normal,Right Foot,,,,,,1.0,3.075807947806461,1.0,26.620897619183445,2.1696082444313447,1
96d47603-6517-4606-b97a-ddb74df88ccc,3942349,France,Kylian Mbappé Lottin,92,45,2,99.9,39.0,Regular Play,0.04812045,Saved,Open Play,Normal,Right Foot,,,,,,2.0,2.2534765638645364,3.0,17.088809479705816,3.0136705409330062,1
9ec51995-d0a3-4cf0-8f64-de4b53950c43,3942349,Portugal,Cristiano Ronaldo dos Santos Aveiro,92,41,3,111.4,42.7,Regular Play,0.2695404,Off T,Open Play,Half Volley,Right Foot,True,,,,,1.0,2.3838963892727945,2.0,7.440163109336626,1.416734807689167,1
cd781172-c455-4e18-bc49-7cd6e49206de,3942349,France,Kylian Mbappé Lottin,96,29,3,106.6,32.5,Regular Play,0.06612929,Blocked,Open Play,Normal,Right Foot,,,,,,1.0,1.208333890425584,3.0,10.1476336541902,4.584972266114221,1
e55d4e3b-765b-47c6-accc-09430d2fb183,3942349,France,Marcus Thuram,96,57,3,101.2,43.9,From Throw In,0.18562049,Off T,Open Play,Normal,Left Foot,True,,,,,0.0,3.39640390595927,2.0,17.13702126260254,2.3589009830964187,1
9c8347f5-c9c0-4240-afe5-8f92881c92fd,3942349,Portugal,Rafael Alexandre Conceição Leão,101,34,3,109.9,35.7,From Free Kick,0.13186198,Blocked,Open Play,Half Volley,Right Foot,True,,,,,1.0,4.480427941868191,1.0,10.295611386694064,1.05717070014677,1
8b239762-0f8b-44cc-827f-97c052c69f56,3942349,Portugal,Francisco Fernandes Conceição,104,31,3,103.0,56.4,From Throw In,0.021586083,Off T,Open Play,Normal,Left Foot,,,,,,0.0,3.2848114890634967,2.0,20.12879621663918,4.009185536365749,1
e8514df3-8b36-42c3-a164-bf12f86faa8e,3942349,Portugal,João Félix Sequeira,107,25,4,116.0,30.8,From Throw In,0.08330991,Off T,Open Play,Normal,Head,,,,,,0.0,0.7753382766028605,1.0,6.6843180532979325,2.434836465916632,1
c5e9735d-95c8-42ca-a3b9-9187a17a5349,3942349,France,Ousmane Dembélé,111,30,4,100.5,47.5,Regular Play,0.0539449,Off T,Open Play,Normal,Left Foot,,,,,,1.0,3.3413756536921855,3.0,18.1065397631033,2.481352748691606,1
b403d4d2-c690-4072-b55d-ac48664d3791,3942349,France,Bradley Barcola,113,59,4,114.4,28.4,From Goal Kick,0.059450485,Off T,Open Play,Normal,Left Foot,,,,,,0.0,1.2073357984866773,3.0,7.239634651590614,2.365014145685336,1
ad1ecf69-594b-4046-b4db-a105edf81867,3942349,France,Dayotchanculle Upamecano,117,43,4,109.6,37.4,From Corner,0.039004326,Wayward,Open Play,Normal,Head,,,,True,True,0.0,0.43332856809388937,5.0,9.797380448201364,1.0581343907505527,1
e06c3354-b3b8-4f1f-b96e-cf01bbe0fbda,3942349,Portugal,Nuno Mendes,119,53,4,103.1,38.3,Regular Play,0.1323755,Saved,Open Play,Normal,Right Foot,True,,,,True,0.0,1.4726003247413648,1.0,15.329213892548816,1.6243604669995193,1
e4c78ac8-30e5-4a64-b685-866ae8c6027e,3930180,Netherlands,Tijjani Reijnders,13,17,1,106.5,38.9,Regular Play,0.14255726,Off T,Open Play,Normal,Right Foot,True,,,,,0.0,4.752649980908103,1.0,11.106860238566439,2.40721052537387,1
fb3821b4-993a-4d5b-ae8c-f44a44e8146a,3930180,Netherlands,Donyell Malen,22,54,1,105.6,32.9,From Free Kick,0.35075784,Off T,Open Play,Normal,Left Foot,True,,,,,0.0,2.2520079216692883,1.0,6.757336946233589,8.307167270453164,1
41dd69dd-21e1-49c9-a36e-7c4e3a4bf064,3930180,Austria,Marcel Sabitzer,29,38,1,102.9,33.1,From Throw In,0.055332307,Blocked,Open Play,Half Volley,Right Foot,True,,,,,2.0,5.707689379174248,0.0,16.639027951851517,1.3077470620820577,1
b9349d6c-3484-4e0f-8cbd-e55d43677c00,3930180,Austria,Florian Grillitsch,29,40,1,94.8,24.0,From Throw In,0.012392985,Saved,Open Play,Volley,Right Foot,True,,,,,1.0,3.3341741117212207,1.0,26.00938447829872,2.5491335994679787,1
30c62612-d009-4924-adb2-5abac48e133e,3930180,Netherlands,Tijjani Reijnders,33,37,1,95.2,44.7,From Free Kick,0.044637516,Off T,Open Play,Normal,Right Foot,,,,,,1.0,3.744666767455737,2.0,22.285269428771468,2.5856283193490697,1
febab07f-8faf-44e0-8433-3832fc026006,3930180,Austria,Marcel Sabitzer,36,59,1,97.9,25.3,From Corner,0.02351871,Saved,Open Play,Normal,Right Foot,,,,,,2.0,4.384837789402853,1.0,24.14568008515565,1.9114713207300156,1
ce121d5e-56b2-46a0-b3dc-50e51653c551,3930180,Austria,Florian Grillitsch,37,8,1,101.1,31.8,From Corner,0.035556145,Blocked,Open Play,Normal,Right Foot,,,,,,1.0,2.503119043574646,1.0,17.674868030582704,2.20847539821105,1
27e56282-9a94-49ef-9be9-a8218d807766,3930180,Austria,Marko Arnautović,37,9,1,112.7,41.3,From Corner,0.46128318,Saved,Open Play,Volley,Right Foot,True,,,,,0.0,4.989148694378798,1.0,3.3257603238344218,4.091721944436941,1
fef8b369-b825-4161-add5-1886ef148c37,3930180,Austria,Patrick Wimmer,39,2,1,94.7,40.5,From Counter,0.057999488,Blocked,Open Play,Normal,Right Foot,,,,,,,,,,,0
bb7b8d2f-8677-4567-baf9-f90173a72d16,3930180,Netherlands,Jerdy Schouten,40,36,1,107.5,50.1,From Throw In,0.07204104,Blocked,Open Play,Normal,Right Foot,True,,,,,2.0,5.083056270128482,0.0,13.343134684492986,1.4294756911633613,1
9f7cc4b9-ea68-495e-b782-941a6a390848,3930180,Netherlands,Memphis Depay,40,55,1,114.9,35.9,Regular Play,0.37566358,Post,Open Play,Normal,Head,,,True,,,0.0,9.215915908920978,0.0,9.229367384932731,3.1673070662451437,1
a42da448-8495-4b02-8df3-1533a9fa46ec,3930180,Austria,Florian Grillitsch,46,54,1,111.8,41.6,From Corner,0.09956471,Off T,Open Play,Normal,Head,,,,,,0.0,1.9024053280913473,6.0,7.564649310231347,0.8952245618773276,1
0d62fa24-8457-4216-acd4-a1235c7b0388,3930180,Netherlands,Cody Mathès Gakpo,46,12,2,107.4,30.2,From Counter,0.12614554,Goal,Open Play,Normal,Right Foot,,,,,,0.0,1.71150882669951,2.0,11.00215358826278,3.91004273249213,1
71d62742-2109-4aea-93ae-d7f07937baf0,3930180,Netherlands,Virgil van Dijk,53,12,2,114.4,37.3,From Corner,0.14079262,Blocked,Open Play,Normal,Head,,,,True,True,0.0,0.3984910247629218,5.0,3.738686536366895,1.8929566351716005,1
4a41a200-203e-446b-b6d5-75df3cc3ed21,3930180,Austria,Romano Schmid,58,31,2,110.2,40.7,Regular Play,0.17982809,Goal,Open Play,Normal,Head,,,,,True,1.0,1.242323876657869,2.0,9.096878618256778,1.4511320658309614,1
f20c904b-cf45-44b0-b159-03095d3709c8,3930180,Netherlands,Xavi Simons,72,30,2,74.0,47.8,From Free Kick,0.020448573,Off T,Open Play,Half Volley,Right Foot,,,,,,0.0,5.591943373920832,0.0,,,1
6a758809-2c2c-49fb-8f8d-42e2a994227c,3930180,Netherlands,Memphis Depay,74,53,2,109.7,37.5,From Free Kick,0.121777005,Goal,Open Play,Half Volley,Right Foot,,,,,True,0.0,0.6135833111449228,2.0,6.948975405613458,3.43901665262581,1
71471b83-25a5-40b3-a485-defc7b8e0dbb,3930180,Austria,Marcel Sabitzer,79,56,2,114.9,29.1,From Keeper,0.1324231,Goal,Open Play,Normal,Left Foot,True,,,,,0.0,2.8157167013192828,1.0,6.596930751433869,2.1777850286784712,1
ce055d16-1a78-4fe7-828a-56179aa013a3,3930180,Netherlands,Wout Weghorst,85,23,2,107.3,41.3,From Free Kick,0.080460265,Off T,Open Play,Diving Header,Head,,True,,True,True,0.0,0.8966423997084616,2.0,8.94320203214096,3.9968076454125026,1
5fd71a70-6632-4ff9-a614-a4ce49a9f75c,3930180,Netherlands,Memphis Depay,94,16,2,111.2,25.1,From Corner,0.03492738,Blocked,Open Play,Half Volley,Right Foot,,,,,,0.0,6.028327630462388,0.0,13.889189689327235,2.397182201303778,1
701518fa-b1ea-4758-892d-0af9bbf563b0,3930171,Denmark,Pierre-Emile Højbjerg,0,23,1,97.1,27.4,Regular Play,0.025765574,Saved,Open Play,Half Volley,Right Foot,True,,,,,1.0,3.962131519885224,1.0,22.845205108421645,2.8140000821406943,1
6b988004-7603-4178-8974-9b3ce324eecb,3930171,England,Phil Foden,12,42,1,104.5,51.4,From Free Kick,0.10147241,Off T,Open Play,Normal,Left Foot,,,,,True,0.0,2.358518868014624,3.0,15.17409986190356,3.309653121407308,1
aa54b633-9f77-4043-9485-25cb11ad7008,3930171,England,Harry Kane,16,10,1,97.3,38.5,Regular Play,0.052686803,Blocked,Open Play,Normal,Left Foot,,,,,,1.0,2.4473475499601958,1.0,20.349428916761614,2.357546063163511,1
0720ee4d-e7eb-490d-8282-59ae8d515a4d,3930171,England,Harry Kane,17,21,1,112.9,40.4,From Counter,0.45489097,Goal,Open Play,Normal,Left Foot,True,,,,,0.0,1.3556102395097844,3.0,4.172170354980768,2.9295141409342733,1
e0b2ca52-efa7-465f-9e5f-a380d5f662b1,3930171,Denmark,Christian Dannemann Eriksen,22,48,1,108.4,56.6,From Throw In,0.01892699,Blocked,Open Play,Normal,Right Foot,,,,,,0.0,2.6008556808487686,2.0,16.628764352625723,1.553195286420305,1
2c86274c-652d-443f-87ba-c00d881efd90,3930171,Denmark,Jonas Older Wind,24,18,1,112.3,34.5,Regular Play,0.06100823,Saved,Open Play,Normal,Head,,,,True,True,0.0,0.9041729300130183,1.0,7.583503930258008,1.500108433536198,1
03403735-082a-48d2-bff0-6e9dbd6dc923,3930171,Denmark,Christian Dannemann Eriksen,25,43,1,102.6,49.8,From Keeper,0.039681155,Blocked,Open Play,Normal,Right Foot,,,,,True,0.0,0.7277313494586406,3.0,17.32083765352724,2.403617065792048,1
975da18b-fe1c-414e-875b-685758a653f9,3930171,England,Marc Guehi,27,6,1,115.3,53.4,From Free Kick,0.021727161,Off T,Open Play,Volley,Right Foot,True,,,,,0.0,2.3531683470317235,2.0,10.41987817538651,1.8362380431294696,1
1667fc7f-c235-48bf-87a5-2048f59bf52b,3930171,Denmark,Jonas Older Wind,31,9,1,108.2,50.4,Regular Play,0.03800949,Blocked,Open Play,Normal,Right Foot,True,,,,True,1.0,0.9716574789356037,3.0,11.797194451829263,2.2377112445883114,1
0f5ff540-9645-4e2e-b8f2-4e4a4a5aeb3d,3930171,Denmark,Morten Hjulmand,33,36,1,88.6,40.7,Regular Play,0.019366447,Goal,Open Play,Normal,Right Foot,,,,,,1.0,0.8510456093416057,1.0,,,1
7c2c652b-63ab-4b38-af2a-aee0cb80fe58,3930171,Denmark,Morten Hjulmand,37,31,1,97.2,49.3,From Free Kick,0.037683774,Blocked,Open Play,Normal,Right Foot,,,,,,0.0,3.792985334626263,2.0,21.4316802214801,3.059706920644146,1
1318eeee-2eb2-42f9-9576-316bc844bd41,3930171,Denmark,Joachim Andersen,38,5,1,117.7,28.2,From Corner,0.011467024,Off T,Open Play,Normal,Head,,,,True,True,0.0,1.3073941539812608,2.0,8.256793062326468,0.399008604670712,1
b543e58a-6055-48a2-b963-41b244df5b34,3930171,England,Phil Foden,40,15,1,94.2,31.4,From Goal Kick,0.025206389,Saved,Open Play,Normal,Left Foot,,,,,,2.0,0.7357345860909884,3.0,23.081417175210166,3.9174268625819906,1
2aa89594-fa93-44ab-8546-3b466377b234,3930171,Denmark,Pierre-Emile Højbjerg,43,43,1,93.1,54.1,Regular Play,0.021093283,Saved,Open Play,Normal,Right Foot,True,,,,,0.0,5.768922733850329,0.0,26.471582228816477,2.4078630953152924,1
5fd23729-88b6-4a75-a057-a65cf98792f0,3930171,England,Phil Foden,46,4,1,95.5,54.6,From Keeper,0.01993659,Off T,Open Play,Normal,Left Foot,,,,,,2.0,1.9530155836929797,1.0,24.769450911747253,3.520868388540123,1
d65a894c-0268-447b-a228-74fcb6ab6c46,3930171,Denmark,Jonas Older Wind,46,17,2,101.3,49.5,From Throw In,0.0451295,Blocked,Open Play,Normal,Left Foot,True,,,,,2.0,3.0752262718779817,2.0,17.83580080128877,2.2381329993219055,1
b01fa182-47e6-4f50-ba71-24cd39d9e0c8,3930171,England,Declan Rice,50,40,2,93.7,26.4,Regular Play,0.021318365,Saved,Open Play,Normal,Right Foot,,,,,True,1.0,1.9478951814229506,2.0,26.570102012378676,2.7211265701429994,1
e1ee3586-2d69-490b-ae6f-e5c64348f409,3930171,England,Bukayo Saka,52,0,2,115.1,49.3,Regular Play,0.06160539,Off T,Open Play,Normal,Head,,,,True,True,,,,,,0
ad667bc2-92d7-4c80-b4eb-bbcd49d280a1,3930171,England,Phil Foden,55,22,2,96.8,51.3,From Throw In,0.035421107,Post,Open Play,Normal,Left Foot,,,,,,1.0,3.738596494525124,2.0,22.360780814592847,3.171409807280554,1
1affa7fa-88f9-4cfd-9ee1-0beeadc1d5b0,3930171,England,Bukayo Saka,55,24,2,110.1,50.4,From Throw In,0.22372523,Off T,Open Play,Normal,Right Foot,True,,,,,0.0,1.563050188372866,1.0,10.773393608871288,3.091772062071584,1
c8606753-e72d-43e7-a314-ab9fd55a21a5,3930171,England,Bukayo Saka,58,21,2,103.9,55.8,Regular Play,0.04036888,Off T,Open Play,Normal,Left Foot,,,,,,0.0,1.279235861508793,2.0,19.390104125592266,3.8888133698195446,1
6195f386-3166-41e4-a6c1-5865db917b7e,3930171,Denmark,Christian Dannemann Eriksen,63,1,2,93.3,45.6,Regular Play,0.02688801,Off T,Open Play,Normal,Left Foot,,,,,,1.0,5.244649785632474,0.0,24.23228425338962,2.5816445290609664,1
1a250a24-7560-47c6-a973-52f723fc79a0,3930171,Denmark,Mikkel Damsgaard,66,58,2,96.1,28.0,From Corner,0.017544413,Saved,Open Play,Half Volley,Right Foot,,,,,,3.0,1.9738064904031227,1.0,24.223844339347366,2.3135799423784817,1
0ec66bc7-c78a-4ff4-845c-675eb5df756e,3930171,England,Ollie Watkins,70,58,2,115.0,51.1,From Throw In,0.114346,Saved,Open Play,Normal,Right Foot,True,,,,,0.0,4.833193913797797,1.0,3.1587976982260844,4.328230337972258,1
3a4ae185-f61a-42b9-aa34-597a9edc89c8,3930171,Denmark,Pierre-Emile Højbjerg,72,29,2,89.7,32.2,Regular Play,0.022561343,Saved,Open Play,Normal,Right Foot,True,,,,,0.0,6.293121372404079,0.0,,,1
eb3e0a93-6566-4e07-8788-f9c9a96325e6,3930171,Denmark,Pierre-Emile Højbjerg,76,13,2,85.4,47.2,From Free Kick,0.01088163,Saved,Open Play,Normal,Right Foot,,,,,,1.0,4.1706790515493335,1.0,31.458459683084495,3.575960369511364,1
80a517da-1efa-4fe6-990b-f2d1596cc6c2,3930171,Denmark,Andreas Christensen,83,29,2,113.5,39.7,From Corner,0.2926257,Off T,Open Play,Half Volley,Right Foot,True,,,,,0.0,2.883516560802177,4.0,5.821176450447139,1.4115316762901102,1
47bb55e6-3645-4e45-ac54-86c0e6158ef5,3930171,Denmark,Pierre-Emile Højbjerg,84,4,2,100.5,30.8,From Goal Kick,0.04469684,Off T,Open Play,Normal,Right Foot,,,,,,0.0,3.066720166009728,3.0,19.15920966220221,2.400492634116773,1
bb0e147f-7c20-4c0f-815c-dc358ec22f8e,3942226,Spain,Pedro González López,0,52,1,101.5,39.7,Regular Play,0.11743693,Saved,Open Play,Normal,Left Foot,True,,,,True,0.0,2.2954205649009287,1.0,15.791750262235787,2.708740040598684,1
c375914d-8e05-440c-802b-bbb58faa3f6b,3942226,Spain,Nicholas Williams Arthuer,11,45,1,91.9,28.7,From Throw In,0.021921165,Off T,Open Play,Normal,Right Foot,,,,,True,0.0,1.055633011375736,1.0,25.501099937045183,4.1260752374056295,1
7afc1acf-7961-4e74-b65e-573cedf504e4,3942226,Spain,Lamine Yamal Nasraoui Ebana,14,5,1,98.9,48.6,From Free Kick,0.084460065,Off T,Free Kick,Normal,Left Foot,,,,,,4.0,8.708372931814804,0.0,22.312328224779012,0.78635121468065,1
dcc0412a-a1f9-4fca-8c23-ed64ad7636d2,3942226,Spain,Álvaro Borja Morata Martín,15,2,1,100.2,21.9,Regular Play,0.013587153,Blocked,Open Play,Normal,Right Foot,,,,,True,0.0,1.3090348385273416,2.0,22.69285355294963,3.173964409843279,1
e387a758-13ab-40cc-8403-68f3bad68aff,3942226,Spain,Fabián Ruiz Peña,16,8,1,98.6,41.5,Regular Play,0.06860946,Off T,Open Play,Normal,Left Foot,,,,,True,0.0,2.576881012387761,1.0,18.99478914348325,2.4687615166991463,1
9a348960-e921-4cae-ac06-4a10eb2dbbb4,3942226,Germany,Kai Havertz,20,10,1,110.4,40.0,Regular Play,0.07551446,Saved,Open Play,Normal,Head,,,,True,True,0.0,1.3239198180642104,4.0,7.534299249785096,2.244629219558462,1
4978701e-8278-4b3e-bd67-6df49c2fec04,3942226,Spain,Aymeric Laporte,22,9,1,95.6,23.8,Regular Play,0.020855846,Saved,Open Play,Normal,Left Foot,,,,,True,0.0,1.7378923242337327,1.0,24.345196315093578,3.6549885090194323,1
761f3907-5632-4bd7-8aa6-e5dc2ebb2532,3942226,Germany,Jonathan Tah,24,39,1,109.2,32.9,From Free Kick,0.021546038,Blocked,Open Play,Normal,Head,,,,True,True,0.0,1.6140583109384126,3.0,12.532543550428546,1.8531353219807727,1
1eb558d5-e60c-4ebd-8350-736ccf77dc06,3942226,Germany,Kai Havertz,34,13,1,102.7,39.0,Regular Play,0.154297,Saved,Open Play,Half Volley,Right Foot,,,,,,0.0,4.533138982276238,1.0,13.012924180615268,4.295362583091219,1
cbf90a05-e0db-471c-a681-152edeb3d531,3942226,Spain,Daniel Olmo Carvajal,38,47,1,92.1,45.5,From Throw In,0.029002221,Saved,Open Play,Normal,Right Foot,,,,,,0.0,6.0337570380128644,0.0,,,1
11329016-b81c-4199-b5b9-64d685e98ebc,3942226,Spain,Lamine Yamal Nasraoui Ebana,44,51,1,89.1,49.3,Regular Play,0.027097616,Saved,Open Play,Normal,Left Foot,,,,,True,0.0,2.3535423069605512,1.0,,,1
4691db74-4de9-449e-9c56-2638dbf628f4,3942226,Spain,Álvaro Borja Morata Martín,46,48,2,112.2,43.8,From Free Kick,0.15766257,Off T,Open Play,Normal,Right Foot,,,,,True,1.0,1.0574323427426062,2.0,6.745342427147761,1.1089935545999197,1
3ea40171-6699-4515-803e-228962af47ef,3942226,Germany,Robert Andrich,47,51,2,96.7,56.2,From Goal Kick,0.020109814,Off T,Open Play,Normal,Right Foot,True,,,,,0.0,6.748098296575609,0.0,24.908878708134242,3.4780302167324635,1
cc32f902-7e4b-4df8-981b-0c7fbe4b7681,3942226,Spain,Daniel Olmo Carvajal,51,0,2,103.6,42.7,From Free Kick,0.16316466,Goal,Open Play,Normal,Right Foot,True,,,,,0.0,3.416326358244482,1.0,14.522692902204428,1.9330899665345669,1
87c6b30a-9b8e-4eee-8868-8a6ece9a157d,3942226,Germany,Jamal Musiala,54,23,2,98.6,44.9,Regular Play,0.040737197,Blocked,Open Play,Half Volley,Right Foot,,,,,True,,,,,,0
f7d3e548-6fd7-4a6f-9438-daa8def7398a,3942226,Spain,Nicholas Williams Arthuer,54,53,2,107.4,52.1,Regular Play,0.12471274,Wayward,Open Play,Normal,Left Foot,True,,,,True,0.0,1.55561962368913,1.0,12.154103057797247,3.8741866232029167,1
31676cab-bd6f-4280-a61c-eee281586e77,3942226,Germany,Florian Wirtz,59,43,2,93.1,39.8,From Throw In,0.028129423,Blocked,Open Play,Normal,Right Foot,,,,,,1.0,4.333972173644405,1.0,23.95915082598044,2.966519439785017,1
80d48fcc-b712-42ea-9d8a-c50107d2752c,3942226,Germany,Niclas Füllkrug,63,7,2,111.8,47.0,From Corner,0.046607595,Off T,Open Play,Normal,Head,,,,True,True,2.0,0.2082714094239071,3.0,9.782442236306514,1.145360160953544,1
2b4d3944-6b4d-42b3-8cf2-e8f9a86b1eb9,3942226,Germany,Robert Andrich,69,1,2,99.8,43.6,Regular Play,0.06904092,Saved,Open Play,Normal,Right Foot,True,,,,,2.0,4.667354788552963,1.0,18.904180187268263,1.767934364201892,1
fde071c3-a35c-40b2-8711-b51d8860ca79,3942226,Germany,Kai Havertz,71,2,2,108.8,33.1,Regular Play,0.08557191,Blocked,Open Play,Normal,Left Foot,,,,,,1.0,2.032443161398542,2.0,10.829248855683542,1.631793111705008,1
9f7063a2-6e9f-441c-b7fd-6c7bd74430a3,3942226,Germany,Niclas Füllkrug,71,41,2,110.7,39.3,Regular Play,0.078394026,Off T,Open Play,Normal,Head,,,,True,True,0.0,1.1133171763327605,2.0,8.377358883655177,0.9233366310266717,1
c1987ed8-342b-4a48-86f5-806ad934ecb3,3942226,Germany,Niclas Füllkrug,76,15,2,109.2,42.6,From Throw In,0.10089645,Post,Open Play,Normal,Right Foot,True,,,,True,1.0,1.2984979396506748,1.0,7.289888129077748,3.522330972957107,1
fef68890-bfa6-422e-9b7f-4161c99250ed,3942226,Germany,Jamal Musiala,80,43,2,111.0,25.7,From Throw In,0.06056656,Off T,Open Play,Normal,Left Foot,,,,,True,0.0,1.4800590179328939,2.0,12.554706275775937,2.3036897348068806,1
23a4f45d-5b43-45a9-8708-8dffc7f56c5c,3942226,Germany,Kai Havertz,81,51,2,93.1,21.7,From Goal Kick,0.037947286,Off T,Open Play,Lob,Left Foot,True,,,,,0.0,4.309458166369453,1.0,15.999555274084647,13.627471168697127,1
44b40351-f854-4cb0-891e-d01219c87656,3942226,Spain,Fabián Ruiz Peña,83,31,2,96.6,34.4,From Free Kick,0.04979181,Off T,Open Play,Normal,Left Foot,,,,,,0.0,4.4392145350043615,2.0,20.22795095474071,4.20143967187046,1
19153452-87eb-4c7c-9b77-d8d4d29c6060,3942226,Germany,Maximilian Mittelstädt,87,8,2,97.2,39.1,From Corner,0.040309463,Blocked,Open Play,Normal,Left Foot,True,,,,,2.0,5.511871282580587,0.0,21.62274733699681,1.1830140853783178,1
316e5d5c-eb20-40cc-b9b8-898dd288dc78,3942226,Germany,Florian Wirtz,88,21,2,111.8,45.5,From Throw In,0.119556814,Goal,Open Play,Half Volley,Right Foot,True,,,,,1.0,2.7474675572102956,2.0,7.372661775617411,0.9104547551058886,1
10b069be-9f8c-44cd-a1b3-b9d5988cd685,3942226,Germany,Thomas Müller,93,48,2,113.2,43.6,From Free Kick,0.23735376,Off T,Open Play,Volley,Right Foot,True,,,,True,1.0,1.1061635920306432,2.0,,,1
0400f5b8-8ca5-4313-a276-4dfa703c4214,3942226,Spain,Ferrán Torres García,90,24,3,106.6,43.2,From Kick Off,0.051860645,Wayward,Open Play,Normal,Head,,,,True,True,0.0,1.1529051493979159,1.0,12.03541167207914,2.1351916388273935,1
aba3c838-6e40-4681-8b4b-9d92ddbb4863,3942226,Spain,Mikel Oyarzabal Ugarte,94,31,3,98.2,43.0,From Counter,0.026732832,Blocked,Open Play,Normal,Left Foot,,,,,True,0.0,2.200511027172462,3.0,,,1
3649f497-d5d3-42db-bfb0-c3fe093b9774,3942226,Spain,Daniel Olmo Carvajal,96,8,3,103.5,24.3,From Free Kick,0.018918002,Blocked,Open Play,Normal,Right Foot,,,,,,0.0,1.9768716699553988,2.0,18.964315927919248,2.4890421778611937,1
079477be-b722-4555-813c-b7d725cb1182,3942226,Germany,Robert Andrich,100,26,3,100.7,50.7,From Free Kick,0.0269288,Off T,Open Play,Volley,Right Foot,True,,,,,1.0,2.209298071079556,1.0,17.920513909899032,2.678326460451956,1
bfd9f072-8e41-4360-adc2-751dac5de557,3942226,Spain,Mikel Oyarzabal Ugarte,103,7,3,96.8,54.8,From Throw In,0.022105819,Off T,Open Play,Normal,Left Foot,,,,,,1.0,3.958726771247706,2.0,,,1
aa255d93-7b41-4d4d-8778-3231391a0cf6,3942226,Germany,Florian Wirtz,105,3,3,102.4,36.0,Regular Play,0.1075199,Off T,Open Play,Normal,Left Foot,True,,,,,0.0,1.69069456968426,2.0,15.179756277561935,2.522757646060626,1
47855492-fcc0-41f5-9694-1ab1c3df2dbb,3942226,Germany,Jamal Musiala,105,34,4,100.3,44.6,Regular Play,0.0490711,Blocked,Open Play,Normal,Right Foot,True,,,,,2.0,5.092895845519156,0.0,18.673056767109507,1.6663059585298186,1
2c4a5fa2-16a8-4af5-aaf0-d2e2ff51a087,3942226,Germany,Niclas Füllkrug,108,4,4,104.6,29.1,From Counter,0.045802347,Off T,Open Play,Normal,Left Foot,,,,,,1.0,1.75181652533684,2.0,14.347595196407505,3.6541991104213594,1
773495e4-9379-4d15-a918-b6a03a85678f,3942226,Spain,Mikel Oyarzabal Ugarte,111,50,4,97.5,44.3,Regular Play,0.04228213,Off T,Open Play,Normal,Left Foot,,,,,True,1.0,1.8987061244342163,1.0,20.043773027910472,2.8237083418130595,1
b22feaaf-8288-4c98-8da3-82c2e8e5f831,3942226,Germany,Niclas Füllkrug,116,19,4,108.4,43.4,Regular Play,0.052276906,Saved,Open Play,Normal,Head,,,,True,True,0.0,0.5465196184247748,1.0,8.559544615442409,3.286991285938967,1
f3b86342-f07d-4c2a-a293-262587ed15fd,3942226,Spain,Mikel Merino Zazón,118,53,4,112.6,39.2,From Throw In,0.20066643,Goal,Open Play,Normal,Head,,,,,,0.0,3.204943874083869,1.0,6.52157433166194,2.9202881533321374,1
4b2b1252-31e6-4552-8dc6-aaa8eacb67f5,3942226,Germany,Joshua Kimmich,121,38,4,98.8,45.3,From Throw In,0.044950247,Blocked,Open Play,Normal,Right Foot,True,,,,,4.0,5.309647733644923,0.0,19.734501440096473,2.1915482050023343,1
74ebd401-c469-4b61-8183-6bba3c1d1761,3942226,Spain,Ferrán Torres García,121,55,4,111.5,50.9,From Counter,0.29318613,Wayward,Open Play,Normal,Right Foot,,True,,,,0.0,1.9561178515671644,1.0,3.275453206171582,6.247138965175992,1
e9415102-55e5-49b5-a0c4-698430635de9,3942226,Germany,Niclas Füllkrug,122,55,4,110.1,42.4,From Keeper,0.08594657,Off T,Open Play,Normal,Head,,,,,,1.0,3.264301378828434,3.0,7.8514114496882215,2.081821268034915,1
902ad4c9-6d02-4188-bd95-1f9a0906fa5b,3938645,Belgium,Romelu Lukaku Menama,6,28,1,110.8,30.7,Regular Play,0.27452216,Saved,Open Play,Normal,Left Foot,True,,,,,0.0,3.500942041304468,2.0,5.318816693113978,5.787017566331926,1
4964713e-3b1e-41ad-b2cd-158078edbebd,3938645,Ukraine,Roman Yaremchuk,19,50,1,91.1,43.1,Regular Play,0.030924592,Saved,Open Play,Normal,Right Foot,,,,,,0.0,3.160959088664583,1.0,,,1
60fd194c-84da-4259-93f1-14fc2d46102b,3938645,Ukraine,Artem Dovbyk,20,26,1,94.9,34.0,Regular Play,0.040268533,Off T,Open Play,Normal,Left Foot,,,,,True,1.0,1.4471009688060334,1.0,21.907712699517912,3.6559532712287677,1
4b8cbf1c-4c16-42a8-8157-57e03e222996,3938645,Belgium,Arthur Theate,22,53,1,94.4,19.7,Regular Play,0.008175447,Off T,Open Play,Normal,Left Foot,,,,,True,1.0,1.8316349017323026,1.0,,,1
6654083b-ecde-48f1-8296-aac65b4e5a51,3938645,Ukraine,Volodymyr Brazhko,25,55,1,91.9,51.3,From Goal Kick,0.018024947,Blocked,Open Play,Normal,Right Foot,,,,,True,2.0,2.9060359385327525,2.0,,,1
11301b77-12b1-4938-818f-3d67ed5b101b,3938645,Ukraine,Georgiy Sudakov,26,59,1,95.9,37.0,Regular Play,0.046265554,Off T,Open Play,Normal,Right Foot,True,,,,,0.0,6.7663806012577155,0.0,22.08385261069021,2.2536247608754536,1
405a0e29-3b06-44f7-9dc5-8cb3635318fb,3938645,Ukraine,Roman Yaremchuk,28,9,1,111.3,37.0,Regular Play,0.10216147,Off T,Open Play,Normal,Head,,,,,,0.0,0.6633482185864343,2.0,7.422593856401204,1.28154207287119,1
7ddf0de6-55fa-471e-9486-64ee8d26e964,3938645,Belgium,Kevin De Bruyne,32,31,1,88.1,69.5,From Free Kick,0.005830124,Off T,Free Kick,Normal,Right Foot,,,,,,0.0,11.067302477804358,0.0,38.72721024764083,4.33948436493462,1
e8bc6d9e-0f83-4c0b-80ed-b278baa15586,3938645,Ukraine,Georgiy Sudakov,33,57,1,104.2,29.9,From Throw In,0.04998817,Saved,Open Play,Half Volley,Right Foot,,,,,True,1.0,1.0294587080367288,1.0,14.415042174767192,4.0327485562809215,1
40188f10-1be9-4517-b9f3-c6ad15972bc1,3938645,Ukraine,Georgiy Sudakov,43,19,1,89.8,17.6,From Free Kick,0.0074785133,Saved,Free Kick,Normal,Right Foot,,,,,,2.0,9.645383265039163,0.0,35.38796972424609,2.4034079134009687,1
b0ebe6da-25a8-40c4-b2bf-2da18bf6df68,3938645,Belgium,Kevin De Bruyne,45,3,1,100.3,24.5,Regular Play,0.027014952,Saved,Open Play,Normal,Right Foot,,,,,,2.0,3.867292475115641,2.0,22.485046176689096,1.3099802955550217,1
58a9caf6-41f9-4eb4-9ca5-3388a2a8038f,3938645,Belgium,Youri Tielemans,51,24,2,96.3,25.6,Regular Play,0.02085355,Blocked,Open Play,Normal,Right Foot,,,,,,1.0,3.599873422323906,1.0,24.894411264873145,2.147149243704348,1
b2021cf9-32e8-4cf7-acc0-0ee6fd51966a,3938645,Belgium,Youri Tielemans,51,59,2,98.2,46.6,From Corner,0.03379251,Blocked,Open Play,Half Volley,Right Foot,,,,,True,3.0,0.9035839694950221,2.0,20.70533935756403,1.8995328898149637,1
efd9b63b-fc13-4791-8cc6-8ac0afa6c2f2,3938645,Belgium,Jeremy Doku,54,55,2,100.3,45.7,From Corner,0.04610922,Blocked,Open Play,Normal,Left Foot,,,,,,0.0,1.49496852229931,2.0,18.331385618608234,2.6386162117631784,1
bc4e7893-c7d2-4d10-9b98-dd009dee58db,3938645,Belgium,Romelu Lukaku Menama,64,0,2,105.3,54.2,From Counter,0.032758437,Saved,Open Play,Normal,Left Foot,,,,,True,1.0,2.2380599939112766,2.0,16.43450940416614,3.021359016056607,1
18afd1ab-25ea-4fd8-9b09-ccff90ffebc4,3938645,Belgium,Yannick Ferreira Carrasco,72,33,2,102.0,34.5,Regular Play,0.06505812,Saved,Open Play,Normal,Right Foot,,,,,,,,,,,0
eecc066d-51af-4584-90e2-a202ac92b2a4,3938645,Belgium,Jeremy Doku,72,42,2,101.9,39.2,Regular Play,0.049519155,Blocked,Open Play,Normal,Right Foot,,,,,,3.0,2.7819992834974636,3.0,16.116316265441736,1.9900481234199816,1
9b414d46-2f31-4eed-bda0-2efbab47524f,3938645,Ukraine,Artem Dovbyk,74,3,2,116.1,30.6,From Throw In,0.054199155,Blocked,Open Play,Half Volley,Left Foot,,,,,True,1.0,1.1797361565459832,2.0,2.7650025942624783,1.1940030238812227,1
9ee733b6-3f6c-4541-8757-54ccd728e181,3938645,Ukraine,Artem Dovbyk,78,50,2,108.5,53.2,From Throw In,0.0340628,Off T,Open Play,Normal,Right Foot,,,,,,0.0,0.4377901344642401,2.0,13.30672220955039,2.040841417762394,1
7dafd91a-95c7-4250-a3a6-5749c70b5481,3938645,Ukraine,Ruslan Malinovskiy,82,10,2,119.0,79.3,From Corner,0.00018,Saved,Corner,Normal,Left Foot,,True,,,,0.0,29.48740857689948,0.0,37.735906867982855,2.8733123886041625,1
330f9cd6-7796-43bc-98d4-c96b319b9533,3938645,Ukraine,Taras Stepanenko,82,39,2,112.4,45.3,From Corner,0.06703938,Off T,Open Play,Normal,Head,,,,,,1.0,1.7747430398398238,6.0,3.1051249014166884,4.815045496483691,1
2cbcf89f-b113-48ce-b121-6bf71d90784e,3938645,Ukraine,Andriy Yarmolenko,84,44,2,94.1,50.8,Regular Play,0.015305686,Blocked,Open Play,Normal,Right Foot,,,,,,,,,,,0
d4cadcda-2d50-4dd1-88a7-c62803e77af6,3938645,Belgium,Johan Bakayoko,86,51,2,103.2,48.4,From Counter,0.06330791,Off T,Open Play,Normal,Left Foot,True,,,,,0.0,2.4764484059759972,1.0,15.776439946454033,2.8601276392641495,1
bd5f8cf2-23c0-4aeb-857b-a00a85f061c7,3938645,Ukraine,Ruslan Malinovskiy,87,38,2,97.8,42.7,From Goal Kick,0.06252074,Blocked,Open Play,Normal,Left Foot,True,,,,,1.0,7.566275234421773,0.0,19.038223559441036,3.195675525018771,1
1fff201a-8ecb-45b2-8de4-7e73238a9ff2,3938645,Ukraine,Georgiy Sudakov,90,37,2,104.4,44.6,From Counter,0.18075049,Saved,Open Play,Normal,Right Foot,,,,,,0.0,1.5900004559555225,5.0,12.465780707722125,3.2464367749153524,1
4f0679a1-bcf4-4694-9b0b-0159844ada4b,3938645,Belgium,Yannick Ferreira Carrasco,92,0,2,108.7,18.4,Regular Play,0.007042983,Blocked,Open Play,Normal,Right Foot,,,,,,0.0,3.447111798401461,2.0,20.167372368805786,1.891823374796246,1
4cb7f844-d9d4-4993-801a-8fbf2c07dc5b,3930184,Czech Republic,Lukáš Provod,1,56,1,99.4,27.2,Regular Play,0.031836256,Saved,Open Play,Normal,Left Foot,,,,,True,,,,,,0
7079f09a-e537-4c3d-8587-2c141f629542,3930184,Turkey,Kenan Yildiz,6,30,1,112.6,21.5,Regular Play,0.008673587,Blocked,Open Play,Normal,Right Foot,,,,,,0.0,2.0388374851109714,3.0,15.92262524577822,1.862143766257077,1
d4cd8842-c52a-48cc-ac43-31d07510629e,3930184,Turkey,Arda Güler,12,38,1,90.5,37.1,Regular Play,0.026633171,Off T,Open Play,Normal,Left Foot,,,,,,0.0,3.416633001976501,2.0,27.588580445808343,1.9454406290841746,1
719af87f-4c8f-4751-8558-465a22ae441c,3930184,Czech Republic,David Jurásek,14,15,1,80.6,30.1,From Throw In,0.0066083334,Saved,Open Play,Normal,Left Foot,True,,,,True,1.0,1.3565846320878232,1.0,,,1
b339fadc-aed8-4f4d-8057-ba620c92da2a,3930184,Czech Republic,Robin Hranáč,16,21,1,113.5,37.1,From Throw In,0.2578839,Off T,Open Play,Normal,Head,,True,,,,0.0,2.9599665633666885,2.0,6.1264185774665885,1.8999095885833412,1
b9a81a88-2dd3-4b10-aee3-7f7af3763291,3930184,Czech Republic,Robin Hranáč,22,57,1,112.5,35.8,From Free Kick,0.07917333,Blocked,Open Play,Half Volley,Right Foot,,,,,,1.0,1.3130663839313654,5.0,7.787673657976513,0.9516100852131615,1
b8ae8f29-f932-4030-9147-43efc558c0ca,3930184,Turkey,Kenan Yildiz,26,28,1,111.7,25.6,Regular Play,0.033986952,Blocked,Open Play,Normal,Left Foot,,,,,True,0.0,1.7267637588535827,3.0,11.383573969525559,2.5258009535319985,1
283ce6b6-33a6-48f6-80ec-66e96ba3c261,3930184,Turkey,Arda Güler,26,34,1,112.9,36.9,Regular Play,0.17483498,Blocked,Open Play,Volley,Left Foot,True,,,,,1.0,1.952424847018863,1.0,3.737505295921727,3.3728845740952806,1
8f392282-be6f-4d31-9588-ace3b824a4fb,3930184,Turkey,Samet Akaydin,27,4,1,113.2,33.9,From Corner,0.07527008,Off T,Open Play,Normal,Head,,,,,,0.0,0.7740156956677573,5.0,6.895583101001321,1.30578898592546,1
d4ea883c-b42e-443d-8dc5-f92c1f64cf39,3930184,Turkey,Hakan Çalhanoğlu,41,38,1,114.8,55.0,From Free Kick,0.011782922,Blocked,Open Play,Normal,Right Foot,,,,,True,0.0,0.5791686705723708,1.0,10.246617385443209,1.9683500917799392,1
433d9388-7713-4487-b30c-965fcdab7017,3930184,Turkey,Hakan Çalhanoğlu,42,29,1,98.6,58.7,From Free Kick,0.0105593875,Off T,Open Play,Normal,Right Foot,,,,,,0.0,2.90147032678154,1.0,24.49226772479779,2.6301898977920786,1
9f5a3b18-102c-40d1-bd58-81ca9b3cac9a,3930184,Czech Republic,David Jurásek,44,17,1,110.3,23.8,From Counter,0.07308208,Saved,Open Play,Normal,Left Foot,True,,,,,0.0,7.709440008310886,0.0,7.119611127841247,7.821615625150969,1
519cee46-36b5-4de0-b60c-0310a7d95450,3930184,Turkey,Arda Güler,48,2,1,98.0,49.4,From Throw In,0.03921402,Off T,Open Play,Normal,Right Foot,,,,,True,1.0,1.3195192956152693,2.0,20.30329684235712,2.9928535576598705,1
0f894d44-b1ca-4170-997f-776e2251d76c,3930184,Turkey,Barış Alper Yılmaz,45,53,2,115.1,50.8,From Throw In,0.048628997,Saved,Open Play,Normal,Head,,True,,True,True,0.0,0.8289452929552358,1.0,7.527654932189822,2.174890352400425,1
de2e15e0-2367-4157-8445-741468632440,3930184,Turkey,Kenan Yildiz,46,49,2,99.6,29.5,From Corner,0.039678648,Off T,Open Play,Half Volley,Right Foot,True,,,,,1.0,4.1141222603030325,1.0,20.832024443853868,1.8161677777787304,1
70d6ed99-fcbf-45b6-b501-985473ceef7c,3930184,Czech Republic,Adam Hložek,49,50,2,99.0,48.6,From Free Kick,0.03270364,Saved,Open Play,Normal,Left Foot,,,,,,1.0,2.739474224421829,4.0,18.657492655883814,4.428611276700664,1
45645626-96ec-43cb-92bf-3d468fe24c0b,3930184,Turkey,Kenan Yildiz,50,39,2,106.4,37.9,From Keeper,0.103175014,Blocked,Open Play,Normal,Right Foot,True,,,,,1.0,1.0354035014022813,2.0,11.937292022504726,1.9647641452665,1
da2aad2a-2d57-4900-91f5-5d6e1f99203c,3930184,Turkey,Kenan Yildiz,50,41,2,109.4,42.3,From Keeper,0.12868324,Saved,Open Play,Normal,Right Foot,True,,,,,1.0,2.5394754858081634,5.0,8.340041779213081,2.3787703540754563,1
9ad809f6-53ce-4e7f-bfc5-487ae044e8d7,3930184,Turkey,İsmail Yüksek,50,44,2,98.8,38.1,From Keeper,0.04587865,Blocked,Open Play,Normal,Right Foot,,,,,,2.0,2.7058461652986914,2.0,18.181163325289866,3.0502810781141534,1
35ffbe01-16f3-4365-97a4-1a068203d17f,3930184,Turkey,Hakan Çalhanoğlu,50,48,2,109.2,26.0,From Keeper,0.07116598,Goal,Open Play,Normal,Right Foot,True,,,,,0.0,1.0181756097029235,1.0,13.770685426430036,2.004278202081494,1
b28b0179-fe86-47b4-a347-5604813d90c6,3930184,Czech Republic,Ladislav Krejčí,63,12,2,114.8,49.8,From Free Kick,0.050790045,Saved,Open Play,Normal,Head,,,,,,0.0,1.8117325436298013,1.0,9.109620679968051,3.3046949742505234,1
9b3864f7-be79-4115-bf97-45a623634be4,3930184,Czech Republic,Tomáš Chorý,65,23,2,116.0,44.0,From Throw In,0.55123883,Blocked,Open Play,Half Volley,Right Foot,,,,,,0.0,3.7694717425367914,1.0,2.1279411546111477,5.488977493508401,1
1f458a66-1588-4ad8-95c0-d6238de4db48,3930184,Czech Republic,Tomáš Souček,65,25,2,113.6,46.4,From Throw In,0.1198459,Goal,Open Play,Half Volley,Right Foot,True,,,,,1.0,6.8334983120968005,0.0,4.381917223195041,4.991389367715698,1
ecd038c9-c076-4974-b0bf-0baf5ea4a6c4,3930184,Turkey,Kenan Yildiz,72,15,2,111.8,34.4,From Free Kick,0.1691182,Blocked,Open Play,Normal,Left Foot,,,,,True,1.0,0.5948626207539446,2.0,6.376233355397694,2.269481292933591,1
32ab630e-cd27-46ff-9f9d-186c4ce5e710,3930184,Czech Republic,Ondřej Lingr,79,33,2,111.9,32.5,From Throw In,0.10603972,Wayward,Open Play,Normal,Right Foot,True,,,,,1.0,2.8965805827085562,1.0,9.15677455066503,0.8758233455357072,1
52bdd02d-5595-45fe-8eb2-c44c65dffcc5,3930184,Czech Republic,Ondřej Lingr,79,54,2,112.7,34.1,From Throw In,0.07450897,Off T,Open Play,Normal,Head,,,,True,True,1.0,2.6116102351326607,1.0,7.338095484549732,1.271089542109351,1
04f7f7c2-04f8-46c8-a8d2-686ca5efb9a0,3930184,Turkey,Okay Yokuşlu,86,8,2,95.4,36.3,From Goal Kick,0.040461615,Off T,Open Play,Normal,Right Foot,True,,,,,1.0,6.101981674793866,0.0,23.53457123257703,1.330250635675469,1
cffd2423-428f-47dd-8b6f-b025e1fbd01a,3930184,Czech Republic,Matěj Jurásek,90,0,2,98.5,28.7,From Goal Kick,0.026611561,Blocked,Open Play,Normal,Right Foot,,,,,,0.0,2.845148039919928,2.0,21.39815123383421,2.7614564895671663,1
96c03d73-9de0-4699-b7ff-4b55929f5338,3930184,Turkey,Barış Alper Yılmaz,91,50,2,99.1,45.5,From Free Kick,0.103810854,Saved,Open Play,Normal,Left Foot,,,,,,0.0,1.99827865097096,1.0,19.424324585052776,2.0741253055320357,1
b1c0ef3d-61c1-44fb-ba83-27d645a9ee0c,3930184,Turkey,Cenk Tosun,93,45,2,105.3,34.5,From Counter,0.08598739,Goal,Open Play,Normal,Right Foot,,,,,,1.0,2.1800377901305845,3.0,12.98195950354923,2.4519210231641466,1
72dc211e-9b90-4575-8968-b2c1a3b5bf2b,3941022,Turkey,Merih Demiral,0,58,1,115.8,39.0,From Corner,0.4581151,Goal,Open Play,Normal,Left Foot,True,,,,,2.0,2.1194706277020265,4.0,3.72981473217724,0.90669371195672,1
f1ed793c-ea50-4527-a324-b4c6a58e40f4,3941022,Austria,Christoph Baumgartner,2,10,1,101.4,51.9,From Kick Off,0.043312646,Off T,Open Play,Normal,Right Foot,,,,,,1.0,0.9523857145385728,2.0,18.710360053843367,2.0232342151794,1
b9df87d2-fcae-4fda-8a00-f51c390e880c,3941022,Austria,Philipp Lienhart,6,40,1,115.8,47.4,From Corner,0.12085788,Off T,Open Play,Normal,Head,,,,,,0.0,2.2943566334935492,2.0,8.575053502048211,3.849689493810928,1
15680173-4afe-471a-a258-59f525c6d3f1,3941022,Austria,Marcel Sabitzer,11,13,1,89.9,35.2,From Free Kick,0.042849332,Blocked,Free Kick,Normal,Right Foot,,,,,,3.0,11.62808982296817,0.0,30.149578548838356,0.4634849691506133,1
82a32482-6f8d-4b0a-bbaf-05a91d87f814,3941022,Austria,Philipp Lienhart,11,51,1,103.8,36.1,From Corner,0.060313236,Blocked,Open Play,Half Volley,Right Foot,True,,,,,1.0,2.3251615723169032,4.0,13.881690460236761,2.7964611737202034,1
ad8ca32c-76a9-4ad5-96ec-bca8f85885b1,3941022,Turkey,Arda Güler,18,37,1,59.0,42.3,Regular Play,0.0070581385,Off T,Open Play,Lob,Left Foot,,,,,True,0.0,0.49100125548229157,1.0,,,1
6e89138e-50b2-4bf9-8c31-855862f51c5c,3941022,Turkey,Merih Demiral,24,3,1,115.8,45.8,From Corner,0.10399367,Off T,Open Play,Normal,Other,,,,,,1.0,0.42746583738719995,5.0,1.9510695583865467,2.6672870085537284,1
0252f102-b78d-4312-8f85-f22687c01ad6,3941022,Austria,Marcel Sabitzer,32,40,1,93.9,22.4,Regular Play,0.00823542,Blocked,Open Play,Normal,Right Foot,,,,,,3.0,6.033456259712374,0.0,28.232279895753226,2.9384267423206722,1
c1a980c5-d572-4ad6-a8ad-a7cb9b9433cf,3941022,Austria,Christoph Baumgartner,45,57,1,111.4,45.6,Regular Play,0.16866307,Off T,Open Play,Normal,Left Foot,True,,,,True,0.0,0.9008789248208281,3.0,7.852219090549973,0.9657971091950799,1
5a019209-e3ce-4977-ac84-90224c85fb4b,3941022,Austria,Michael Gregoritsch,49,32,2,107.7,35.0,Regular Play,0.0427339,Off T,Open Play,Normal,Head,,,,True,True,0.0,0.5647044913678994,1.0,11.525623438980675,2.4924542146775934,1
06370dcd-c41c-43eb-bfc8-e000655bbf39,3941022,Austria,Marko Arnautović,50,32,2,110.1,44.6,Regular Play,0.29855767,Saved,Open Play,Normal,Right Foot,True,,,,True,0.0,1.487554078496825,1.0,2.446547513838661,7.4534541332817525,1
681fffac-e335-4bef-bbc9-2aea55f0237f,3941022,Austria,Konrad Laimer,52,24,2,103.9,38.4,From Throw In,0.10591905,Off T,Open Play,Normal,Left Foot,,,,,,0.0,2.1560853912822595,2.0,11.014240110666323,5.119450149090696,1
7727dc0d-c6e9-4520-a466-60a953ef8f1a,3941022,Austria,Stefan Posch,53,39,2,108.2,50.3,From Throw In,0.06528039,Blocked,Open Play,Half Volley,Right Foot,,,,,True,1.0,0.7047780353297313,3.0,14.026404228802505,1.0930706487968536,1
0e40b416-cfc5-4ec1-a5c8-987be9a8df7f,3941022,Turkey,Ferdi Erenay Kadıoğlu,56,14,2,109.5,25.2,Regular Play,0.050657645,Blocked,Open Play,Normal,Right Foot,,,,,,0.0,3.408010489134969,3.0,12.803959947717605,3.0434853284259873,1
e5d34fc9-1f3c-471d-95a8-50888dece857,3941022,Turkey,Merih Demiral,58,51,2,116.9,44.8,From Corner,0.1547648,Goal,Open Play,Normal,Head,,,,True,True,0.0,0.2236360574600512,5.0,7.132249173547773,2.9254767034436497,1
8c1419a2-d06e-491c-bd02-e690fd948851,3941022,Austria,Stefan Posch,65,52,2,113.1,41.9,From Corner,0.11622289,Wayward,Open Play,Normal,Head,,,,,,0.0,0.6265664072212159,7.0,5.337466763975402,1.6547383376989302,1
a5c81c5a-c8a3-4525-8ca7-a16e4fd48269,3941022,Austria,Michael Gregoritsch,65,53,2,116.2,36.5,From Corner,0.5777065,Goal,Open Play,Half Volley,Left Foot,True,,,,,0.0,6.265543040650742,0.0,6.6138893637057965,1.9391995692875525,1
126fc445-bc57-43fa-81bd-d5224e2531ba,3941022,Austria,Michael Gregoritsch,68,2,2,109.4,39.1,Regular Play,0.098569036,Saved,Open Play,Normal,Head,,True,,,,0.0,6.039660188510069,0.0,7.848043450810104,3.802328307944009,1
cd591d61-ab37-437d-99c0-1864fbec542f,3941022,Austria,Florian Grillitsch,73,2,2,96.4,47.7,From Corner,0.024146283,Blocked,Open Play,Half Volley,Right Foot,,,,,True,3.0,3.1815925845034165,1.0,22.562507781056276,2.7288697045169954,1
4434e6c0-a9f2-47a0-bcf1-30973265283d,3941022,Austria,Florian Grillitsch,74,21,2,94.4,51.1,From Throw In,0.024710217,Saved,Open Play,Normal,Right Foot,,,,,,0.0,1.905173428798136,2.0,24.633557911979565,2.98110386883684,1
bade961b-3b16-4141-8465-5dd489b1adf0,3941022,Austria,Marko Arnautović,74,50,2,96.7,38.5,From Counter,0.030356593,Blocked,Open Play,Normal,Right Foot,,,,,True,1.0,0.5499457322710393,2.0,17.514482588535294,5.876925906115801,1
16b19843-d9fd-4cd6-aba8-2946d5acd7e9,3941022,Austria,Marcel Sabitzer,83,34,2,99.8,52.9,Regular Play,0.02972567,Wayward,Open Play,Half Volley,Left Foot,True,,,,,0.0,2.7521782282730918,2.0,20.293077803424087,3.470678369409555,1
0fbeaf51-34e8-456e-a8b5-f1df9e15653a,3941022,Austria,Christoph Baumgartner,83,41,2,114.1,37.5,Regular Play,0.24289556,Off T,Open Play,Normal,Head,,,,True,True,0.0,0.3801527527479551,2.0,1.1461131768954511,4.7709761394912675,1
ae4cdf64-e487-4253-a486-be805fd8217d,3941022,Austria,Christoph Baumgartner,85,44,2,110.5,43.6,From Corner,0.0522076,Off T,Open Play,Normal,Head,,,,,,2.0,0.5455677155856957,6.0,7.542210096715851,2.0580030422947004,1
1e645eee-f4f3-4fa6-a531-c3df56a4a071,3941022,Austria,Michael Gregoritsch,90,41,2,112.6,42.5,From Throw In,0.101370536,Blocked,Open Play,Normal,Head,,,,,,1.0,0.563791227897942,3.0,4.713618076319273,2.8351833467692984,1
2dc0a9c4-8d27-4c02-a6cc-46e1564cba6b,3941022,Turkey,Barış Alper Yılmaz,93,13,2,102.8,35.9,From Counter,0.10791902,Saved,Open Play,Normal,Right Foot,,,,,True,0.0,0.6399916349434206,2.0,10.207697337683223,7.358488686713116,1
9f56de67-01c9-4053-b1ed-c4c13cec31a6,3941022,Austria,Christoph Baumgartner,94,0,2,113.9,42.7,Regular Play,0.23239474,Saved,Open Play,Normal,Head,,True,,True,True,0.0,1.5122035004881003,4.0,4.486898711766412,1.6396951433101776,1
2f32b13b-fd12-4bbf-9d9d-81960c8d35d6,3941021,Netherlands,Xavi Simons,5,32,1,95.3,18.1,From Throw In,0.008267852,Saved,Open Play,Normal,Right Foot,,,,,,1.0,3.791493632185142,2.0,,,1
979775f1-fa7a-47ed-b984-4dc58aebe4a8,3941021,Romania,Dennis Man,13,52,1,99.0,48.2,Regular Play,0.03920482,Off T,Open Play,Normal,Left Foot,,,,,,0.0,3.330744754335603,2.0,20.267763846192242,2.2596292602905663,1
47a39155-d551-491d-9dfe-95fab49f13c2,3941021,Netherlands,Stefan de Vrij,16,45,1,111.8,40.0,From Corner,0.07967252,Blocked,Open Play,Normal,Head,,,,True,True,1.0,0.36668796421992417,4.0,5.976405585300209,2.82091072834001,1
7370c563-0312-4d8d-be56-530334449a11,3941021,Netherlands,Nathan Aké,17,4,1,108.7,35.3,From Corner,0.033201255,Wayward,Open Play,Normal,Head,,,,,,1.0,1.127349846435506,4.0,10.563696945450431,1.948126344621727,1
68407818-ca45-41b2-a6c6-5470a655f811,3941021,Netherlands,Cody Mathès Gakpo,19,7,1,107.5,24.9,From Corner,0.046985872,Goal,Open Play,Normal,Right Foot,,,,,,1.0,1.6068419100365006,2.0,16.930319101434936,3.3151615358574986,1
50183da3-6d0e-48af-b586-b82ffd8f07c7,3941021,Romania,Ianis Hagi,20,17,1,96.2,17.6,From Kick Off,0.007178938,Off T,Open Play,Normal,Right Foot,,,,,,1.0,6.027559034724991,0.0,30.617138807943146,2.6016140188405785,1
a7f44508-badf-42e1-82e9-b5e87724e47d,3941021,Romania,Dennis Man,23,20,1,107.9,38.5,Regular Play,0.10886951,Off T,Open Play,Normal,Left Foot,True,,,,True,1.0,2.2198293654403405,2.0,9.626325364062472,2.4783716959024105,1
f5920204-604b-457b-ae9e-569e70fca550,3941021,Netherlands,Tijjani Reijnders,25,13,1,101.2,41.1,From Goal Kick,0.052920066,Blocked,Open Play,Half Volley,Right Foot,,,,,,1.0,2.767586598378479,3.0,16.537227926623633,2.2996626809645306,1
5a7753f8-e0a6-4c62-91ce-c5d43bcd6a08,3941021,Netherlands,Stefan de Vrij,25,46,1,112.9,46.5,From Corner,0.0656883,Off T,Open Play,Normal,Head,,,,,,0.0,2.6874987031751028,2.0,7.074164100352742,1.747205511576837,1
20812483-194b-4e0f-bbcf-6a602dac60a4,3941021,Netherlands,Memphis Depay,42,2,1,119.2,79.2,From Corner,0.00018,Off T,Corner,Normal,Right Foot,,True,,,,,,,,,0
08e21b88-b7ad-4488-9eea-beb578a7d19c,3941021,Netherlands,Xavi Simons,43,24,1,110.1,39.2,Regular Play,0.14239058,Off T,Open Play,Normal,Right Foot,,,,,True,1.0,1.6220612527143468,3.0,7.438267987564541,2.5440880164202184,1
edf9052a-c020-4235-95b4-7eec53dbb2ae,3941021,Romania,Denis Mihai Drăguş,46,6,1,99.5,38.3,Regular Play,0.056796633,Saved,Open Play,Normal,Right Foot,,,,,,0.0,2.0728323086189584,1.0,20.10420746412462,0.7481053371000144,1
d5b70b4d-4b94-4d9a-8c81-20d8b9c18187,3941021,Netherlands,Tijjani Reijnders,49,24,2,101.2,41.0,From Free Kick,0.09582185,Blocked,Open Play,Normal,Right Foot,,,,,True,0.0,1.173218848604135,4.0,14.163383193475669,4.650919657563321,1
72fe63a5-f960-409a-8c65-b5e8539dce22,3941021,Netherlands,Donyell Malen,49,43,2,113.0,42.2,From Free Kick,0.14581987,Off T,Open Play,Normal,Head,,,,True,True,0.0,1.5461424931757097,2.0,6.571645938451026,3.1742170809969252,1
401104c2-6639-4ce4-b799-d322bb7b83da,3941021,Netherlands,Donyell Malen,53,16,2,110.6,49.7,From Throw In,0.22304013,Wayward,Open Play,Normal,Right Foot,True,,,,,0.0,3.914944212982538,2.0,9.804841606773364,2.7731952684308254,1
44be83e5-83b8-479c-a7c9-5bae196ef974,3941021,Netherlands,Memphis Depay,53,18,2,114.0,38.3,From Throw In,0.3079616,Blocked,Open Play,Half Volley,Right Foot,,,,,,0.0,2.0288812986249507,2.0,4.839590238254944,1.7902529364582165,1
2162d091-db19-4864-bb9f-e2810e19041b,3941021,Netherlands,Tijjani Reijnders,56,22,2,96.4,38.6,Regular Play,0.03629456,Off T,Open Play,Normal,Right Foot,,,,,,0.0,1.195332390774232,5.0,,,1
ec0d998e-070e-4197-ad38-11e18dfb81cc,3941021,Netherlands,Virgil van Dijk,57,47,2,109.6,39.8,From Corner,0.06589584,Post,Open Play,Normal,Head,,,,,,0.0,0.4266010306210169,4.0,8.795998741860073,1.6349211936152273,1
2460969f-3773-4950-904d-257f42a1b2d0,3941021,Netherlands,Cody Mathès Gakpo,58,42,2,112.5,27.9,Regular Play,0.11165685,Saved,Open Play,Half Volley,Right Foot,True,,,,,0.0,2.0582707272536913,1.0,13.772869255307697,0.3633420008543453,1
f1d29168-90ba-4ce9-a9f4-e1def126538c,3941021,Romania,Denis Mihai Drăguş,59,8,2,104.2,47.5,From Keeper,0.05565119,Blocked,Open Play,Normal,Right Foot,,,,,,1.0,2.568526960401628,2.0,13.422085835813373,3.5305867985325676,1
1c57c9bd-13c7-4f8f-b70c-98a4c0c72c8a,3941021,Netherlands,Cody Mathès Gakpo,61,45,2,97.1,47.3,From Counter,0.0472151,Saved,Open Play,Normal,Right Foot,,,,,,1.0,2.3581540724100805,2.0,18.099028115369823,5.50859311523898,1
ffbff034-2134-4d7c-a0e5-486320d56be1,3941021,Netherlands,Nathan Aké,62,29,2,111.4,47.2,From Corner,0.07373578,Wayward,Open Play,Normal,Head,,,,True,True,0.0,2.4279288641734635,2.0,9.245900242557456,1.3780405779282034,1
6f3b3d49-4c84-4974-ac8d-5bad7bf793af,3941021,Netherlands,Memphis Depay,67,42,2,94.3,33.1,From Free Kick,0.061553013,Off T,Free Kick,Normal,Right Foot,,,,,,3.0,10.233803377623488,0.0,24.227315925878553,2.6124720567728446,1
35d313a7-96a0-456c-9eb3-56fd3e2c5ff5,3941021,Netherlands,Joey Veerman,72,30,2,114.2,28.3,Regular Play,0.11710371,Off T,Open Play,Normal,Right Foot,,,,,,0.0,2.5663523462359334,2.0,10.280974879528728,1.5460423562544747,1
9f6f3d86-8d6d-4a71-b38f-827d770f9585,3941021,Netherlands,Memphis Depay,78,8,2,108.3,25.7,Regular Play,0.028539894,Blocked,Open Play,Normal,Right Foot,,,,,,0.0,3.182772729939086,2.0,14.292864373948829,3.327526949876386,1
9e62fdd3-1034-4a2c-b7ef-70d83df86e97,3941021,Netherlands,Cody Mathès Gakpo,79,49,2,106.1,51.7,From Counter,0.062258154,Blocked,Open Play,Normal,Right Foot,,,,,True,1.0,1.8974989016927213,2.0,13.641597048166249,3.5289604451665184,1
95438759-00a4-49c4-9c40-85cbfe4e6fd8,3941021,Netherlands,Donyell Malen,82,23,2,115.6,36.0,From Throw In,0.39829126,Goal,Open Play,Normal,Right Foot,True,,,,,0.0,1.787327535780304,2.0,3.779065961526227,0.8559262531774721,1
56a47e80-a0fd-4e5f-aab9-f64936736fbb,3941021,Netherlands,Memphis Depay,84,23,2,112.2,27.4,Regular Play,0.070296794,Off T,Open Play,Normal,Right Foot,,,,,,1.0,2.926638367901956,2.0,10.996449612412635,2.26824240313465,1
e396a17d-ab0e-4f33-8fc8-9cf1b4fa5294,3941021,Netherlands,Donyell Malen,92,42,2,104.2,33.2,From Counter,0.35144565,Goal,Open Play,Normal,Right Foot,,,,,True,0.0,1.6707361185163367,3.0,9.561255409976663,6.684862466128834,1
9561734f-0b86-4a2d-bef9-1618e95001a2,3941020,Portugal,Rúben Santos Gato Alves Dias,4,7,1,114.4,52.5,From Corner,0.048859816,Off T,Open Play,Half Volley,Left Foot,,,,,,1.0,3.9250535839247434,1.0,11.848555946011746,-0.08976487820999068,1
93209986-88e7-4aee-9d40-d6f72bd6e676,3941020,Portugal,Cristiano Ronaldo dos Santos Aveiro,30,42,1,111.7,41.6,From Throw In,0.07103491,Saved,Open Play,Normal,Head,,,,True,True,1.0,0.3131238077926199,3.0,5.75113338555312,2.6725104083897833,1
823447a2-111e-47a3-97e8-82b8b92e98c9,3941020,Portugal,Cristiano Ronaldo dos Santos Aveiro,33,32,1,96.9,35.6,From Free Kick,0.08345447,Off T,Free Kick,Normal,Right Foot,,,,,,6.0,10.355817075807337,0.0,20.504517054860898,3.368156874741885,1
227fb697-c29b-4e84-900e-afcd72afbe95,3941020,Portugal,Cristiano Ronaldo dos Santos Aveiro,38,0,1,105.0,10.5,From Free Kick,0.0067048697,Off T,Free Kick,Normal,Right Foot,,,,,,0.0,12.844968429517937,0.0,34.054666168823836,0.6470635924726054,1
5b5edf78-d14f-42cf-99ec-2be2e8723360,3941020,Slovenia,Benjamin Šeško,43,36,1,89.8,31.3,Regular Play,0.03214056,Saved,Open Play,Normal,Right Foot,,,,,,0.0,3.1401388334242593,2.0,,,1
e3024b3a-8a29-4edc-b54b-4bda16d97543,3941020,Slovenia,Jaka Bijol,44,57,1,116.0,29.4,From Corner,0.036003575,Off T,Open Play,Normal,Head,,,,True,True,0.0,2.2206150831413862,2.0,11.217292322928339,2.3626541445563305,1
ac80d7b4-08a7-454f-abdd-477f853645ed,3941020,Portugal,João Maria Lobo Alves Palhinha Gonçalves,47,6,1,98.7,40.3,Regular Play,0.06763536,Off T,Open Play,Normal,Right Foot,True,,,,,1.0,3.101740720812883,1.0,19.906769852707672,1.4044800409721745,1
f0b47587-7fa7-4a99-8829-98b5e9749609,3941020,Portugal,Bernardo Mota Veiga de Carvalho e Silva,46,43,2,105.5,48.4,From Free Kick,0.061536763,Off T,Open Play,Half Volley,Left Foot,True,,,,,2.0,6.044664557994346,0.0,15.43453960181073,1.2055759333211853,1
273200a3-b495-4014-a017-e1da3e9c0fd1,3941020,Slovenia,Timi Elšnik,48,3,2,111.7,25.4,From Corner,0.030757122,Saved Off Target,Open Play,Volley,Left Foot,True,,,,,2.0,2.9567236434734796,1.0,12.584347466114922,0.06691554500838492,1
ab32a3ed-a4a8-4b42-8c19-1f23d47976bf,3941020,Portugal,Vitor Machado Ferreira,51,37,2,91.9,22.4,From Free Kick,0.00635036,Blocked,Open Play,Normal,Right Foot,,,,,,1.0,5.174955059197927,0.0,,,1
bb26cda4-d53a-4f9a-b0cf-c39ab66e0de8,3941020,Portugal,Cristiano Ronaldo dos Santos Aveiro,54,47,2,95.8,44.3,From Free Kick,0.07588849,Saved,Free Kick,Normal,Right Foot,,,,,,6.0,10.592436652888471,0.0,22.367705836172714,2.487335325128498,1
5d7db4ec-497d-430f-ae3c-87e23495da83,3941020,Portugal,Vitor Machado Ferreira,56,10,2,106.5,42.7,Regular Play,0.0891514,Blocked,Open Play,Normal,Right Foot,True,,,,True,0.0,1.7318310536246568,3.0,11.696761339145054,1.8764149973292916,1
2366d02a-b380-4269-a3c9-64a954b8f406,3941020,Portugal,Vitor Machado Ferreira,57,57,2,100.8,38.4,From Corner,0.052142147,Blocked,Open Play,Half Volley,Left Foot,True,,,,,0.0,2.617968317423561,2.0,18.051811461993143,1.1531417761542855,1
6693c48e-f38e-4748-a34f-d9207cc12e6e,3941020,Portugal,João Maria Lobo Alves Palhinha Gonçalves,58,3,2,107.5,45.5,From Corner,0.037417345,Wayward,Open Play,Normal,Head,,,,,,1.0,0.41967576311242144,2.0,11.042100217917723,2.345302767456687,1
81480b18-b90b-45cd-8567-302e9469bd4e,3941020,Slovenia,Adam Gnezda Čerin,58,55,2,99.4,27.1,From Throw In,0.020967843,Off T,Open Play,Half Volley,Right Foot,True,,,,,3.0,4.069671811094472,1.0,21.306097222757487,2.03756687792189,1
49c9f59f-275d-4115-89b9-4fb2475e3929,3941020,Slovenia,Benjamin Šeško,60,59,2,104.4,30.4,From Counter,0.25142625,Off T,Open Play,Normal,Left Foot,,True,,,,0.0,1.983623453554744,1.0,9.923054877410143,7.10058012247724,1
a6574a7b-c875-4a92-8326-7e13f66c6496,3941020,Portugal,Cristiano Ronaldo dos Santos Aveiro,71,10,2,88.9,37.9,From Free Kick,0.029365536,Off T,Free Kick,Normal,Right Foot,,,,,,4.0,10.993389720259303,0.0,29.191965331781454,2.5895633254733923,1
6cab299c-d0c3-49ab-b2cb-67298793a575,3941020,Portugal,Cristiano Ronaldo dos Santos Aveiro,88,53,2,108.9,27.4,Regular Play,0.093401864,Saved,Open Play,Normal,Left Foot,True,,,,,0.0,1.7585916176521634,1.0,9.468266934306337,4.944733215085094,1
4d991b49-1b75-46f7-bed5-31365ba12e47,3941020,Portugal,Bruno Miguel Borges Fernandes,91,34,3,86.6,24.3,From Throw In,0.0052186823,Blocked,Open Play,Normal,Right Foot,,,,,,2.0,3.4560344474518763,1.0,31.409739930767,5.448789600671802,1
dd25e476-e6f8-433c-9dfe-11c85a119b69,3941020,Slovenia,Benjamin Verbič,94,29,3,96.9,33.5,From Goal Kick,0.04497154,Blocked,Open Play,Normal,Right Foot,,,,,,1.0,2.9509393999681337,2.0,20.47019077621385,3.4255489814096336,1
230a638e-c70d-4b34-9ea1-9b6b7d40b4b9,3941020,Slovenia,Jon Gorenc Stankovič,95,20,3,101.4,50.6,From Corner,0.039114628,Off T,Open Play,Half Volley,Left Foot,,,,,,1.0,2.3204437335004857,1.0,18.25648460826309,2.693381436446998,1
2d0a15a1-2523-411b-b40f-cec3346c13d7,3941020,Portugal,Diogo José Teixeira da Silva,99,28,3,112.9,46.6,From Corner,0.07446987,Saved,Open Play,Normal,Head,,,,True,True,1.0,0.4305169335436936,4.0,8.490788244961346,2.196012097248598,1
c313018b-a497-4500-96f7-984c20d7a63d,3941020,Portugal,Cristiano Ronaldo dos Santos Aveiro,104,50,3,108.1,40.1,Other,0.7835,Saved to Post,Penalty,Normal,Right Foot,,,,,,0.0,11.48606159676193,0.0,11.540363543387576,0.3712173658184241,1
e527f18e-094b-4263-adbf-dae2e43f389a,3941020,Portugal,João Maria Lobo Alves Palhinha Gonçalves,107,27,4,107.5,47.3,From Free Kick,0.050350625,Saved,Open Play,Normal,Head,,,,,,0.0,4.126724576438926,1.0,12.365440870688635,0.8749609680990602,1
e16062d6-1368-4438-8a01-f990bc99163b,3941020,Portugal,Kléper Laveran Lima Ferreira,107,57,4,111.3,45.2,From Corner,0.050621446,Blocked,Open Play,Normal,Head,,,,True,True,0.0,0.621444428328104,7.0,6.814177390666581,2.3531492184964122,1
f30f0302-70a1-4480-9031-816556f808d8,3941020,Slovenia,Josip Iličić,111,49,4,95.3,28.0,From Free Kick,0.045270752,Blocked,Free Kick,Normal,Left Foot,,,,,,5.0,9.72089857028848,0.0,26.93617366685588,0.9366880781406621,1
f954ee1a-7e08-4600-a1b0-35df1d844cf0,3941020,Slovenia,Benjamin Šeško,114,28,4,98.6,32.8,From Counter,0.17587057,Saved,Open Play,Normal,Right Foot,,True,,,,0.0,3.934506971227666,1.0,9.44012168765211,12.661626305921857,1
1a12e1f0-3bf2-4bc5-aec0-53a6a845201e,3941020,Slovenia,Žan Celar,114,30,4,93.7,32.8,Regular Play,0.039013498,Wayward,Open Play,Volley,Right Foot,True,,,,,1.0,6.129667158968504,0.0,13.94237316570637,13.050291674026099,1
41e05da3-18aa-4cb9-a778-b9ac3c46a377,3941020,Portugal,Cristiano Ronaldo dos Santos Aveiro,119,40,4,107.5,34.4,From Corner,0.022550302,Blocked,Open Play,Normal,Head,,,,True,True,1.0,0.8618058094342259,2.0,10.690325246889872,2.676229549094842,1
d232da3f-3eaf-4737-b5e9-e86a44008932,3941020,Portugal,Rúben Diogo Da Silva Neves,119,43,4,86.6,41.9,From Corner,0.01152262,Off T,Open Play,Volley,Right Foot,True,,,,,3.0,5.157411395297915,0.0,31.20903492228817,2.2233367271173563,1
27153523-a1a0-4c75-b58c-8651f6f452f3,3941018,Spain,Fabián Ruiz Peña,1,49,1,95.1,40.3,Regular Play,0.03403919,Blocked,Open Play,Normal,Left Foot,,,,,True,0.0,1.216395345118856,2.0,21.42504626115339,3.4969506269690243,1
17aff85e-40ff-44f0-98c2-9f00242d0531,3941018,Spain,Pedro González López,4,4,1,109.5,47.0,Regular Play,0.2088165,Saved,Open Play,Normal,Left Foot,True,,,,,0.0,2.2871532208718692,3.0,10.39801905313013,1.8800512085291246,1
0ce6ea73-e365-4cbc-b76c-8e0899115dea,3941018,Spain,Fabián Ruiz Peña,5,21,1,110.9,32.9,Regular Play,0.0355224,Blocked,Open Play,Normal,Head,,,,True,True,1.0,1.948691122688513,2.0,6.518294496537205,3.1147912895741854,1
43382a10-eaf3-40cd-82e0-46b577ce1279,3941018,Spain,Daniel Carvajal Ramos,9,57,1,113.4,30.1,From Corner,0.047663942,Saved,Open Play,Normal,Head,,,,,,1.0,1.098354551943726,4.0,8.829600886588805,1.9294503901822537,1
1505a5e5-9d85-4d1d-a99b-35af1de39ed8,3941018,Spain,Nicholas Williams Arthuer,10,59,1,100.2,33.1,From Throw In,0.04628006,Blocked,Open Play,Normal,Right Foot,,,,,,2.0,2.7835784515452815,3.0,17.843689550223893,2.971587327051026,1
d8534362-0aff-46f7-8457-9f26684b2154,3941018,Spain,Fabián Ruiz Peña,12,40,1,103.6,48.1,From Corner,0.068191275,Blocked,Open Play,Normal,Left Foot,True,,,,,0.0,3.103154921345294,2.0,14.917851926009577,2.422583468527293,1
72d27965-5bdd-4fdd-9fd7-cad21102d6a6,3941018,Spain,Nicholas Williams Arthuer,12,48,1,109.8,23.8,From Corner,0.02863869,Blocked,Open Play,Normal,Right Foot,,,,,,1.0,2.7298684716252666,3.0,15.844625750846367,1.906956454522856,1
7c5aa174-fcd2-4928-a71c-ec9190f0f579,3941018,Spain,Aymeric Laporte,15,41,1,111.8,34.6,From Corner,0.05098217,Blocked,Open Play,Normal,Head,,,,True,True,0.0,0.1183707030703729,4.0,6.176755246639409,2.3594627262671963,1
c5528ca1-98b2-4e8d-9585-d28a86ed629f,3941018,Spain,Fabián Ruiz Peña,21,16,1,103.7,54.8,Regular Play,0.030612372,Saved,Open Play,Half Volley,Left Foot,,,,,True,1.0,1.595990228038266,3.0,18.722123767760625,2.5754016557287542,1
ef3e4452-4bb2-429f-af6b-b23062a81eca,3941018,Spain,Rodrigo Hernández Cascante,25,15,1,87.6,30.5,From Throw In,0.016834991,Blocked,Open Play,Normal,Right Foot,,,,,,2.0,2.0912475660811642,1.0,30.252418968401496,3.5061678718158475,1
2ac3ee72-001f-4e85-918f-4120251609b4,3941018,Spain,Pedro González López,26,37,1,102.1,31.3,Regular Play,0.06233343,Off T,Open Play,Half Volley,Left Foot,,,,,,0.0,3.2931380746800847,1.0,15.986417364908494,3.273902736272561,1
d6bfbd9a-f4a7-45e5-9b1a-ecf1a5d8177f,3941018,Spain,Aymeric Laporte,28,38,1,86.4,29.1,From Throw In,0.006787614,Off T,Open Play,Normal,Left Foot,,,,,,1.0,7.787504247113878,0.0,32.35717137372406,2.8411498039774017,1
18acc67d-810a-45f2-bbd1-c5a0258745d8,3941018,Georgia,Giorgi Kochorashvili,29,33,1,99.6,43.4,Regular Play,0.050696027,Blocked,Open Play,Normal,Right Foot,,,,,,1.0,2.8365764799690627,1.0,18.077327646675272,2.5521711266298155,1
a9d83f04-32cb-46f2-94a1-57de6c92e1e1,3941018,Spain,Lamine Yamal Nasraoui Ebana,30,19,1,94.3,48.5,Regular Play,0.031005034,Blocked,Open Play,Normal,Left Foot,,,,,True,1.0,1.8250545988957851,2.0,24.91917769587663,2.6938665772087234,1
e62d27cb-f9cc-4def-b0ba-47d283555329,3941018,Spain,Marc Cucurella Saseta,34,36,1,96.3,28.4,From Goal Kick,0.015615603,Saved,Open Play,Normal,Left Foot,,,,,True,,,,,,0
4647b5f4-4233-4525-acaf-80c5c30507f3,3941018,Spain,Nicholas Williams Arthuer,37,48,1,113.4,27.4,Regular Play,0.042119805,Saved,Open Play,Normal,Right Foot,,,,,,0.0,2.4793614113765545,1.0,10.102810945798375,2.263360457353059,1
c34c87b2-0e8e-443c-81fa-6b9c03317ead,3941018,Spain,Rodrigo Hernández Cascante,38,10,1,102.1,36.2,Regular Play,0.06652527,Goal,Open Play,Normal,Left Foot,,,,,,1.0,2.0822024343965198,3.0,16.120809015108875,1.8761382468670007,1
85e75e6f-0232-40ed-a78a-ab76a5169f72,3941018,Georgia,Giorgi Kochorashvili,40,45,1,53.8,38.5,From Kick Off,0.0040819473,Off T,Open Play,Lob,Right Foot,,,,,,,,,,,0
ac42904e-cbc7-405a-9bc3-f4ab7e866bd0,3941018,Spain,Lamine Yamal Nasraoui Ebana,46,7,1,92.7,49.6,From Throw In,0.015696,Blocked,Open Play,Normal,Left Foot,,,,,,2.0,1.958487366780872,3.0,25.91123502832037,3.0330964772396527,1
eb4a30e9-fbfb-46b7-82dc-f85f0f7252b3,3941018,Spain,Fabián Ruiz Peña,45,21,2,96.2,46.3,From Counter,0.059734892,Off T,Open Play,Normal,Right Foot,True,,,,True,0.0,1.0787433157847386,1.0,20.088220520219345,4.243429931309535,1
2621a029-e169-4c7f-a1e6-5b2c143799aa,3941018,Georgia,Khvicha Kvaratskhelia,47,55,2,57.4,28.1,From Counter,0.0055915527,Off T,Open Play,Normal,Left Foot,,,,,,0.0,2.6780980268584504,3.0,,,1
943b532b-efdf-4b62-b9d5-6955a6b18af9,3941018,Spain,Lamine Yamal Nasraoui Ebana,50,25,2,99.6,43.0,From Free Kick,0.08360341,Saved,Free Kick,Normal,Left Foot,,,,,,4.0,9.481230461967579,0.0,18.405979830585906,2.2674911965919335,1
26d7f7c4-0b06-4166-81f1-2727e479afd6,3941018,Spain,Fabián Ruiz Peña,50,40,2,115.6,35.6,From Free Kick,0.29910773,Goal,Open Play,Normal,Head,,True,,,,0.0,4.28456705522405,1.0,5.724942985926787,3.6983517076137815,1
b17e4cac-6947-4c7f-bf90-2a3cc69a57d6,3941018,Spain,Lamine Yamal Nasraoui Ebana,52,13,2,101.0,47.7,Regular Play,0.07618404,Off T,Open Play,Normal,Left Foot,,,,,,1.0,3.4343163275832786,2.0,16.584145211375343,3.883839863150783,1
9edfe8c2-11e6-4d59-9745-b4b7178acc90,3941018,Spain,Álvaro Borja Morata Martín,54,38,2,94.8,37.3,Regular Play,0.046154205,Off T,Open Play,Normal,Right Foot,,,,,True,0.0,0.7090909998567152,2.0,21.613209942994747,3.8705365712649495,1
0d20ad03-f607-4006-bcbe-7d7b676f94d4,3941018,Spain,Daniel Olmo Carvajal,59,3,2,95.6,45.7,From Corner,0.030945767,Blocked,Open Play,Normal,Right Foot,True,,,,,2.0,4.424686015127516,1.0,21.451736069898768,3.1313779966623514,1
2dc89a7c-0ff9-4bfd-8273-a36e369964e0,3941018,Spain,Daniel Olmo Carvajal,60,53,2,101.6,49.4,Regular Play,0.071499854,Wayward,Open Play,Normal,Right Foot,,,,,,1.0,1.5577455313008777,2.0,16.546439864118067,3.350469867360431,1
34bb51ad-6878-4a87-af9e-1708b3d47fdb,3941018,Spain,Lamine Yamal Nasraoui Ebana,62,19,2,104.9,41.5,Regular Play,0.075688556,Off T,Open Play,Normal,Left Foot,,,,,True,1.0,0.7735113317592409,3.0,11.990385552818335,3.1293575488622025,1
5132b85f-bf88-48cd-a51b-947fe416cb22,3941018,Georgia,Heorhii Tsitaishvili,67,48,2,108.4,23.4,Regular Play,0.052708115,Off T,Open Play,Normal,Left Foot,,,,,,0.0,5.216802128408598,0.0,15.533137153514026,2.334541058089897,1
57d79215-0712-45aa-8ee4-2c6479e4ca1c,3941018,Spain,Fabián Ruiz Peña,69,9,2,93.3,30.5,From Goal Kick,0.024543561,Off T,Open Play,Normal,Left Foot,True,,,,,1.0,6.088408385832937,0.0,25.31669950414652,3.7109301021045553,1
4153fd8f-c75c-486c-93e3-61e57ffd3963,3941018,Spain,Nicholas Williams Arthuer,74,40,2,111.2,29.5,From Counter,0.21495746,Goal,Open Play,Normal,Right Foot,,,,,,0.0,5.107278514397693,0.0,9.665150747929593,4.042893045904066,1
db71abfb-6c85-4305-bb70-cfced354c106,3941018,Spain,Daniel Olmo Carvajal,76,59,2,108.3,38.6,Regular Play,0.26680577,Saved,Open Play,Normal,Right Foot,True,,,,,1.0,2.4941355551521336,3.0,8.391619368637759,3.4214984346614017,1
44aea7a6-3f8a-478a-8cf0-437a5d227e86,3941018,Spain,Lamine Yamal Nasraoui Ebana,79,58,2,114.8,47.3,From Keeper,0.2859731,Saved,Open Play,Normal,Left Foot,,True,,,True,0.0,1.1006585288653135,2.0,1.7115454318930534,4.537429276506174,1
5ccdde88-509c-41b8-8b65-42e827875325,3941018,Spain,Lamine Yamal Nasraoui Ebana,81,57,2,107.6,49.0,Regular Play,0.08169625,Off T,Open Play,Normal,Left Foot,,,,,True,0.0,1.4749690369706652,3.0,10.7272560967738,3.6345990205443286,1
f37aabea-1292-401e-8818-483cdcb1b534,3941018,Spain,Daniel Olmo Carvajal,82,35,2,102.3,38.5,Regular Play,0.1281342,Goal,Open Play,Normal,Left Foot,,,,,,0.0,2.2147615268338074,3.0,14.481749925514663,3.3208122039397665,1
78e201b0-7167-441d-8853-c4c8a8868741,3941018,Spain,Nicholas Williams Arthuer,89,17,2,104.8,29.5,From Keeper,0.06438794,Blocked,Open Play,Normal,Right Foot,,,,,,0.0,2.5447265688728216,3.0,15.396872952030867,3.5341597387074444,1
f113fbfe-1e4c-4023-81c9-e31106d1425e,3941018,Spain,Daniel Olmo Carvajal,89,38,2,99.5,41.3,From Keeper,0.053031437,Saved,Open Play,Normal,Right Foot,,,,,,0.0,0.5983397525080452,2.0,16.83448418698662,3.715407722292099,1
9aae1b6f-64b4-4912-81bc-3563177609b1,3941018,Spain,Daniel Olmo Carvajal,91,20,2,114.6,50.7,Regular Play,0.061232504,Blocked,Open Play,Half Volley,Right Foot,True,,,,,0.0,1.5298754168993032,2.0,5.483334527648729,3.5477988983516155,1
ffce9770-d81d-4846-bf77-6d77f1400c3d,3941018,Spain,Rodrigo Hernández Cascante,92,19,2,106.0,40.5,From Free Kick,0.033381354,Off T,Open Play,Normal,Head,,,,,,0.0,0.7685661321506603,4.0,10.750502431227664,3.4167220557849873,1
ee4c09f4-720a-4cff-a041-77509a98e718,3941017,Slovakia,David Strelec,3,48,1,107.3,35.8,From Free Kick,0.092393875,Wayward,Open Play,Volley,Right Foot,True,,,,,0.0,1.2545447001838959,3.0,9.476182071047713,3.5686235766084025,1
7dbf02cb-4b83-4b3d-8177-0ff9a0c596e0,3941017,Slovakia,Lukáš Haraslín,7,28,1,101.0,34.2,From Free Kick,0.053368397,Blocked,Open Play,Normal,Right Foot,,,,,,1.0,1.8131116790193202,2.0,17.59637078798256,1.9155838629517348,1
96d70e17-d542-4b5c-a65c-60e274cda10b,3941017,England,Kieran Trippier,8,50,1,102.8,29.9,From Goal Kick,0.08902558,Off T,Open Play,Normal,Right Foot,True,,,,True,0.0,2.902568475021067,1.0,17.577049654071235,2.1543600863560215,1
9362eb41-828a-4607-b3bb-60164f0c1e7b,3941017,Slovakia,Lukáš Haraslín,11,21,1,107.1,32.1,From Goal Kick,0.079396516,Blocked,Open Play,Normal,Right Foot,,,,,,0.0,0.9873516772445219,3.0,9.580022584158995,4.466057235787247,1
df60c14d-e74e-4662-8bfb-eab4b0c3b373,3941017,England,Harry Kane,22,13,1,111.7,46.4,Regular Play,0.051736627,Blocked,Open Play,Normal,Head,,,,,,1.0,1.107429590623426,1.0,7.373982488437095,2.059731147900564,1
691500f6-3789-499d-a960-e25e00b38368,3941017,England,Kobbie Mainoo,23,9,1,97.3,46.8,From Corner,0.030446114,Off T,Open Play,Volley,Right Foot,True,,,,,2.0,6.628297306143272,0.0,23.177198300779736,0.639403050037842,1
7ba2b321-b31e-420e-a0ae-58032ca2781d,3941017,Slovakia,Ivan Schranz,24,23,1,113.3,44.7,From Goal Kick,0.52801526,Goal,Open Play,Normal,Right Foot,,True,,,True,0.0,2.367994508123358,1.0,3.6784302612208037,4.44979783788159,1
a309e006-1fd8-4ba1-a304-0e03d3011bca,3941017,England,Declan Rice,38,23,1,111.3,46.9,From Free Kick,0.04069054,Blocked,Open Play,Normal,Head,,,,True,True,0.0,1.1441830415351035,2.0,7.710258290378144,2.6221003836277816,1
81268b8a-36b4-41ed-b0b2-65cd6e05aedf,3941017,England,Kobbie Mainoo,47,16,1,97.4,34.3,From Free Kick,0.043453604,Blocked,Open Play,Normal,Right Foot,,,,,,1.0,2.2760253904015437,2.0,20.98958373139445,2.0514997188541173,1
e2c0e379-d94a-4574-adb0-1fa5e07f8095,3941017,England,Bukayo Saka,47,52,1,92.1,46.0,From Corner,0.026043994,Blocked,Open Play,Normal,Left Foot,,,,,,1.0,1.9510272032031613,1.0,26.849288195185903,1.5888727729382595,1
54589b68-72e2-497d-a2ae-4edca839b47b,3941017,England,Harry Kane,51,2,2,104.9,32.5,From Counter,0.10859543,Blocked,Open Play,Normal,Right Foot,,,,,,0.0,0.5772296078752202,2.0,14.969489118861743,1.7128463500530273,1
758308bf-f083-4a6a-adfb-c2805dc7c856,3941017,Slovakia,David Strelec,53,56,2,62.7,30.6,Regular Play,0.028537394,Off T,Open Play,Lob,Left Foot,,,,,,,,,,,0
4f06d689-a830-4b96-820e-87f33b370fe9,3941017,England,Jude Bellingham,58,22,2,111.7,40.2,Regular Play,0.08132238,Blocked,Open Play,Normal,Head,,,,True,True,0.0,0.5528213064886854,3.0,5.759506198764156,3.19885761978567,1
41fb1f30-2d10-480d-8518-9e58cd205648,3941017,England,Phil Foden,60,1,2,99.1,25.5,From Free Kick,0.054180622,Blocked,Free Kick,Normal,Left Foot,,,,,,2.0,9.567483008399675,0.0,24.915889806051833,0.35853314674410797,1
cddde99c-0109-4b34-9eb7-cf9fe120c876,3941017,England,Harry Kane,77,11,2,111.7,39.5,From Free Kick,0.16138653,Off T,Open Play,Normal,Head,,,,,,0.0,1.705816491562008,5.0,6.995906814106293,1.5036660820957195,1
f7e678ee-6677-4dfb-a191-1204fb04884b,3941017,England,Declan Rice,80,11,2,93.5,36.7,Regular Play,0.026050739,Post,Open Play,Normal,Right Foot,,,,,,2.0,2.909128171622276,1.0,25.43813072369385,1.2618708892220099,1
3a83a69a-98db-41c5-8912-34437d370442,3941017,England,Harry Kane,80,13,2,107.4,40.0,Regular Play,0.12184181,Off T,Open Play,Volley,Right Foot,True,,,,,0.0,2.151541441999643,2.0,11.369390780299245,1.9150734412750268,1
3c2b38f0-e729-40b3-b07c-2eb8c7873694,3941017,Slovakia,Stanislav Lobotka,86,44,2,89.4,45.1,Regular Play,0.021908578,Saved,Open Play,Normal,Right Foot,,,,,,1.0,3.113918421379131,1.0,28.413477920571786,2.386083499429361,1
c71a4f0a-5d51-45d0-88ad-261e32e3f7c0,3941017,England,Jude Bellingham,94,33,2,110.1,40.9,From Throw In,0.103242844,Goal,Open Play,Overhead Kick,Right Foot,True,,,,,1.0,1.9484445149659295,3.0,8.153811789746719,1.8441355294907282,1
327fee61-fc5d-4084-b7f2-d1b27e1632a6,3941017,England,Eberechi Eze,90,49,3,96.5,37.6,From Free Kick,0.028122703,Wayward,Open Play,Volley,Right Foot,True,,,,,4.0,6.083295069810849,0.0,18.563194091034877,5.088528425073889,1
7d959296-6408-44f2-b7cb-9105cd55a19d,3941017,England,Harry Kane,90,51,3,116.2,42.1,From Free Kick,0.49724415,Goal,Open Play,Normal,Head,,,,,,1.0,1.222615092710734,2.0,4.980166412539827,1.8532004240493336,1
9d84be59-728b-4170-8a3f-f2295b48642f,3941017,Slovakia,Peter Pekarík,104,43,3,114.9,42.3,From Free Kick,0.5063636,Off T,Open Play,Normal,Other,,True,True,,,0.0,0.4055802374860416,2.0,5.530102930171395,2.188139557727254,1
b354ad51-8857-489a-8d9e-eefc24d4a79a,3941017,Slovakia,Matúš Bero,106,12,4,94.0,56.4,From Throw In,0.014195163,Wayward,Open Play,Half Volley,Right Foot,,,,,,0.0,0.9993542741707284,2.0,24.198831534098556,5.293120383390857,1
51fe2fcd-6c63-4495-8dcf-b1c230d87714,3941017,Slovakia,Ľubomír Tupta,110,6,4,88.8,47.2,From Free Kick,0.02863606,Off T,Free Kick,Normal,Right Foot,,,,,,0.0,9.994014497442203,0.0,30.078882091990035,1.3817983013528874,1
64f975df-f0ec-434f-b772-04f22ffcd21a,3941017,Slovakia,Róbert Boženík,116,49,4,115.1,57.3,From Throw In,0.008433037,Off T,Open Play,Normal,Right Foot,True,,,,True,0.0,1.0891291317658305,2.0,13.904055583329555,2.1540635522066793,1
7f996334-c7e6-4d92-b982-d34acfb733ed,3941017,Slovakia,Dávid Hancko,118,38,4,112.1,35.7,Regular Play,0.0678651,Off T,Open Play,Normal,Head,,,,True,True,1.0,0.44515002047892155,2.0,7.620297262144277,3.702433144313744,1
845bc032-f4dc-4763-9dc0-ddb6bd338a43,3941017,Slovakia,Milan Škriniar,119,48,4,111.9,36.3,Regular Play,0.07292546,Blocked,Open Play,Normal,Head,,,,True,True,0.0,1.0904229406352064,3.0,8.729585011447961,0.9768288874050768,1
7a4e6398-aff4-482d-b926-4b9886b5b4b6,3941017,England,Ivan Toney,120,8,4,99.9,42.1,Regular Play,0.123356834,Off T,Open Play,Normal,Right Foot,,,,,,0.0,2.237232093525039,1.0,16.466028138315025,3.720459785852654,1
27696fd3-2973-44dd-9315-ad3e98e662c3,3941017,Slovakia,Dávid Hancko,120,54,4,107.2,40.3,From Goal Kick,0.045808684,Saved,Open Play,Normal,Head,,,,True,True,0.0,0.5707429365211985,4.0,12.354933494591583,0.5186773072712043,1
e637d2b3-87dd-4aa9-bb1d-cb8765194d0c,3930182,Denmark,Alexander Hartmann Bah,15,40,1,112.0,43.3,Regular Play,0.18430655,Off T,Open Play,Normal,Head,,True,,,,0.0,1.2278161356649113,3.0,6.715419042153847,3.377738945322477,1
7ad21113-e3a3-4276-8e7c-c53bd0099de9,3930182,Denmark,Christian Dannemann Eriksen,20,52,1,94.6,37.4,Regular Play,0.05411584,Saved,Open Play,Normal,Right Foot,True,,,,,0.0,5.003883564812641,0.0,22.571913343111603,2.9859648036669455,1
6b0cc6dd-ff37-42b6-a55d-b12ae578c245,3930182,Denmark,Christian Dannemann Eriksen,21,41,1,108.8,22.8,From Corner,0.012576064,Blocked,Open Play,Normal,Right Foot,True,,,,,0.0,2.177762375867428,1.0,16.171356479634913,3.602002488539796,1
4bff1003-f2f0-4017-9116-ee9377baff6a,3930182,Serbia,Aleksandar Mitrović,28,15,1,110.4,40.1,From Throw In,0.061910562,Blocked,Open Play,Normal,Head,,,,True,True,0.0,0.5716171295056548,3.0,8.059729224780193,1.540322717565445,1
544896ac-9106-4a1a-bb55-f491addb3c2d,3930182,Denmark,Rasmus Winther Højlund,31,29,1,104.1,55.1,From Corner,0.04584343,Saved,Open Play,Normal,Left Foot,,,,,,0.0,1.986987237754173,1.0,18.475091778404984,3.7571139988152567,1
ea873a3a-a066-4361-ba66-abcf33ccee7a,3930182,Denmark,Jonas Older Wind,38,20,1,103.5,39.6,From Free Kick,0.10859825,Off T,Open Play,Half Volley,Right Foot,True,,,,,1.0,3.2989546756159585,1.0,14.7748458500042,1.8188745574203438,1
99ddd1b0-8148-4640-ba69-d15631eaca95,3930182,Denmark,Andreas Skov Olsen,50,16,2,105.4,55.7,From Free Kick,0.03971446,Blocked,Open Play,Normal,Left Foot,,,,,,0.0,2.5646129932218424,3.0,17.143966364997887,2.8753897856210813,1
1d601fc7-c39c-4ab4-afc3-b72176278734,3930182,Denmark,Andreas Christensen,59,28,2,91.2,33.8,Regular Play,0.020697463,Off T,Open Play,Normal,Right Foot,True,,,,,1.0,4.282550766204449,2.0,,,1
fb182715-4735-4653-9084-f39e6b0ea06a,3930182,Denmark,Morten Hjulmand,61,5,2,91.8,48.8,Regular Play,0.021786047,Off T,Open Play,Normal,Right Foot,True,,,,,0.0,6.303927530635811,0.0,26.585724299840155,2.432088831542245,1
38ed1f7a-d2aa-4838-88ce-51022c5de6af,3930182,Denmark,Jannik Vestergaard,64,1,2,110.1,37.1,From Corner,0.045023,Saved,Open Play,Normal,Head,,,,,,0.0,2.132818768523806,4.0,8.82185794916061,2.210715859430138,1
c40e1a71-a576-4f1d-9673-8baf063a4aa8,3930182,Denmark,Morten Hjulmand,66,34,2,89.0,29.3,Regular Play,0.01887132,Off T,Open Play,Normal,Right Foot,,,,,,0.0,3.6081033856695237,1.0,,,1
c1da620e-2565-46b1-ba5a-2770898c0173,3930182,Serbia,Aleksandar Mitrović,80,23,2,107.4,23.8,From Throw In,0.031952977,Off T,Open Play,Normal,Right Foot,True,,,,,1.0,6.398600857481196,0.0,17.159598397501895,1.5748876761285828,1
51ea24c7-01ad-4295-8598-0f928c6f7915,3930182,Serbia,Aleksandar Mitrović,82,30,2,110.9,34.6,Regular Play,0.06519839,Wayward,Open Play,Normal,Head,,,,True,True,1.0,0.5361024618301192,1.0,9.432074751032847,1.4048082832420903,1
b7e724c4-67cf-4b40-9e82-b86705540d97,3930182,Serbia,Dušan Vlahović,88,47,2,106.9,46.4,From Free Kick,0.060776833,Off T,Open Play,Normal,Head,,,,,,1.0,3.161787743643609,1.0,,,1
0ae5df4b-dcbe-4030-aed2-8dd9f621495f,3930182,Serbia,Sergej Milinković-Savić,91,55,2,101.3,42.6,From Throw In,0.10460368,Saved,Open Play,Normal,Right Foot,True,,,,,1.0,6.913849631209334,0.0,16.87877466831403,1.8435135344289932,1
34792733-8f2f-4924-a17a-18ac64d36cdb,3930179,Spain,Mikel Merino Zazón,11,10,1,107.3,33.1,Regular Play,0.025040166,Saved,Open Play,Normal,Head,,,,,,0.0,1.1925426579171479,2.0,10.938548395712639,2.5992003128467758,1
c56d7162-5bf4-48df-ad63-048d3817b29e,3930179,Spain,José Luis Sanmartín Mato,11,28,1,107.6,38.7,From Corner,0.060585164,Off T,Open Play,Normal,Head,,,,,,1.0,1.3854029299621693,2.0,10.843020796482405,1.5704708511191683,1
2501b8a0-c9c6-4486-9919-507491850295,3930179,Spain,Ferrán Torres García,12,32,1,107.5,53.5,Regular Play,0.10358183,Goal,Open Play,Normal,Left Foot,True,,,,True,0.0,2.3562275645533965,1.0,10.934567672614731,4.2082787529348025,1
00c38da0-7113-4e86-a31c-f5743e960905,3930179,Spain,Daniel Olmo Carvajal,20,55,1,96.3,57.9,Regular Play,0.0103651,Off T,Open Play,Normal,Right Foot,,,,,,0.0,2.809213759980269,2.0,25.062667754303916,4.464783340153332,1
6f8ffa1a-bb00-4c8f-9d51-2df1051f3289,3930179,Spain,Daniel Vivian Moreno,25,24,1,109.7,40.6,From Corner,0.046571102,Wayward,Open Play,Normal,Head,,,,True,True,0.0,1.6791880433722284,4.0,9.331645779527005,1.181746205026002,1
2fe5e49b-6622-4256-a8ea-d4393d0b5112,3930179,Spain,Daniel Olmo Carvajal,35,34,1,113.0,47.4,From Corner,0.10403911,Blocked,Open Play,Normal,Right Foot,,,,,,0.0,0.7137593546794553,4.0,6.24134447941617,2.2780920450938993,1
e6aa34ea-ec7d-47a2-8c04-301789e5de9e,3930179,Spain,Ferrán Torres García,40,17,1,109.6,50.2,From Throw In,0.030360926,Off T,Open Play,Normal,Head,,,,,,0.0,2.2940799244244356,1.0,11.45666419361133,2.4620395790254292,1
026db51c-ac61-4e2a-8f8e-f185cd7edfb4,3930179,Spain,Mikel Merino Zazón,43,37,1,107.1,33.1,From Corner,0.100341134,Off T,Open Play,Normal,Left Foot,True,,,,,2.0,4.059773457601258,3.0,11.84003162915587,1.8173704360326894,1
d1b6d798-7c76-4bc9-88bf-36f847db9422,3930179,Albania,Kristjan Asllani,44,40,1,95.6,37.2,From Goal Kick,0.027896741,Saved,Open Play,Normal,Right Foot,,,,,True,0.0,1.2342516212744115,1.0,21.45649678513041,3.207827553592182,1
d9ddc6b9-45d5-4a1d-b342-f7a7fab8fb16,3930179,Spain,José Luis Sanmartín Mato,45,24,1,104.0,24.3,From Keeper,0.014968767,Off T,Open Play,Normal,Right Foot,,,,,,0.0,0.48678745543336466,1.0,17.84244825984472,3.5517382720431527,1
ea85a6f1-aa07-4cef-a3a2-3685e99d28b4,3930179,Spain,José Luis Sanmartín Mato,46,31,2,110.4,36.2,From Kick Off,0.06717369,Off T,Open Play,Volley,Left Foot,True,,,,,0.0,0.755410933362574,2.0,7.447410455126614,3.1758535494296893,1
effb677e-17cb-4942-a362-264466c95088,3930179,Spain,Mikel Oyarzabal Ugarte,47,27,2,108.6,44.8,From Counter,0.18723619,Saved,Open Play,Normal,Left Foot,True,,,,,0.0,1.8872590933494933,1.0,1.75238783611336,10.992464450263569,1
9f9ba9a8-10e8-4a2f-9a17-c03ce90a0fd4,3930179,Albania,Kristjan Asllani,49,18,2,96.6,33.2,Regular Play,0.044980317,Blocked,Open Play,Normal,Right Foot,True,,,,,2.0,1.9938550781588624,1.0,20.226597060261334,3.769924629803569,1
496b76fd-336f-4d9d-9617-49d5543138b0,3930179,Spain,Daniel Olmo Carvajal,49,37,2,61.0,43.8,Regular Play,0.006101164,Off T,Open Play,Lob,Right Foot,,,,,,0.0,6.174884240186351,0.0,,,1
cb52030b-3d49-472f-8a8f-385fb60dc23b,3930179,Albania,Armando Broja,63,48,2,105.7,48.1,From Free Kick,0.117052965,Saved,Open Play,Half Volley,Right Foot,True,,,,,0.0,4.332058936131021,1.0,10.507273758448827,5.934575350876912,1
d1899931-6e4b-4eec-94c6-9869e2f706be,3930179,Albania,Kristjan Asllani,64,37,2,95.7,31.3,From Throw In,0.030892402,Blocked,Open Play,Normal,Left Foot,,,,,,1.0,4.981329564379083,1.0,22.444128797554818,3.2100424812963695,1
ba1410b4-0373-4336-9ea7-c61938560062,3930179,Albania,Jasir Asani,68,52,2,96.6,62.0,Regular Play,0.008626999,Saved,Open Play,Normal,Left Foot,,,,,True,0.0,2.043811836454021,1.0,27.62588155949291,5.116755227231607,1
de50bbb7-e4fa-4555-a4bf-44e3ebe0ce1b,3930179,Spain,Fermin Lopez Marin,75,37,2,95.9,60.5,Regular Play,0.008684722,Wayward,Open Play,Normal,Right Foot,True,,,,True,0.0,1.765986135057414,1.0,26.996349516635426,3.9518035073874813,1
f36eab42-64f4-4905-a842-fab71bca68c9,3930179,Spain,Fermin Lopez Marin,76,24,2,97.4,48.1,Regular Play,0.02939205,Blocked,Open Play,Normal,Left Foot,,,,,True,0.0,2.1180941056438147,2.0,19.116321868032514,4.633443744879187,1
0064246f-99f6-40d0-a8de-90e36c2a6acb,3930179,Albania,Kristjan Asllani,76,47,2,98.4,23.9,Regular Play,0.025797911,Off T,Open Play,Normal,Left Foot,,,,,,0.0,2.0042250801295673,2.0,22.59246803211261,3.1498971897115666,1
7185bab7-3f7d-4937-8c4e-17105a8f47f5,3930179,Albania,Medon Berisha,77,58,2,94.4,46.8,Regular Play,0.03180046,Blocked,Open Play,Normal,Right Foot,,,,,,1.0,3.217556409264761,1.0,23.913345808007765,2.429548130131593,1
9c7aec99-632a-4527-89df-d5cfac87cc05,3930179,Spain,Daniel Olmo Carvajal,78,39,2,107.7,27.1,Regular Play,0.06142092,Blocked,Open Play,Normal,Right Foot,,,,,,0.0,4.166128141077077,2.0,13.377498650021808,2.7592689338399907,1
2567dbdd-de46-423f-9c4a-9dedcd220064,3930179,Spain,Álvaro Borja Morata Martín,79,21,2,113.8,35.1,From Corner,0.09585059,Off T,Open Play,Normal,Head,,,,True,True,0.0,0.8794684306515629,5.0,8.490205236873827,1.9444598314201471,1
5aa2808c-c3ee-4af6-8a65-467b971878b5,3930179,Albania,Arbër Hoxha,83,0,2,111.0,26.6,Regular Play,0.05797654,Off T,Open Play,Normal,Right Foot,,,,,,1.0,0.5533933553863518,1.0,11.672983013625945,2.406935118381682,1
dd0564dc-eb20-4023-a64f-7f02312a9335,3930179,Albania,Berat Djimsiti,91,25,2,109.2,44.2,From Free Kick,0.04627785,Wayward,Open Play,Normal,Head,,,,True,True,0.0,0.7196164695928239,4.0,11.159697822055572,1.9991705104677635,1
2feee559-16f8-443e-ae1e-df3c3b64d745,3930179,Albania,Armando Broja,91,27,2,108.8,40.8,From Free Kick,0.111852095,Saved,Open Play,Normal,Right Foot,,,,,True,1.0,1.3361939963301217,5.0,9.232622360537114,1.981454543410166,1
5f36d325-2132-4859-9586-1f12381b1760,3940983,Germany,Joshua Kimmich,6,2,1,91.2,49.7,Regular Play,0.024539126,Saved,Open Play,Normal,Right Foot,,,,,,1.0,4.240556921817741,1.0,27.298979444805827,2.60054855692276,1
02da99cd-6001-4547-8a0a-de973b029ce7,3940983,Germany,Nico Schlotterbeck,6,49,1,110.3,32.0,From Corner,0.029666193,Saved,Open Play,Normal,Head,,,,True,True,1.0,0.45385418416533857,3.0,9.805455032189544,1.795321985726872,1
b3e81dcc-bfe2-4157-b531-e9b00816dae7,3940983,Germany,Kai Havertz,9,58,1,107.1,28.1,From Throw In,0.07374886,Saved,Open Play,Volley,Left Foot,True,,,,,0.0,3.4229951946211488,1.0,13.497131500709996,3.417820919227708,1
490fb23e-41e1-4db0-83fd-5d72b60e73d8,3940983,Germany,Robert Andrich,10,38,1,110.5,37.7,From Corner,0.054684527,Saved,Open Play,Normal,Head,,,,,,0.0,1.2860212258166792,5.0,8.152088192031385,1.4420817572964069,1
9a6f2bb6-7ca3-4c60-80fa-64e3076ebb70,3940983,Germany,Jamal Musiala,12,21,1,90.2,42.2,From Throw In,0.024523731,Off T,Open Play,Normal,Right Foot,,,,,True,1.0,0.736309929372718,2.0,,,1
dbe19357-cee4-4f65-9d5d-add9d695c6b9,3940983,Germany,Toni Kroos,15,51,1,92.3,36.2,From Free Kick,0.056089107,Blocked,Free Kick,Normal,Right Foot,,,,,,4.0,10.048344610952235,0.0,27.117586295451233,1.0222066710979618,1
771bc6d6-5fc7-405f-be90-e38ed54aeeb8,3940983,Denmark,Christian Dannemann Eriksen,20,21,1,101.0,40.2,Regular Play,0.12234442,Blocked,Open Play,Normal,Right Foot,,,,,,1.0,1.7769328806613847,3.0,12.022704694208873,7.029648629338965,1
f69192f3-fe36-4970-98ee-717053152f57,3940983,Denmark,Joakim Mæhle,23,35,1,112.5,27.4,From Free Kick,0.092478566,Off T,Open Play,Normal,Left Foot,,,,,True,0.0,1.19673358166495,1.0,10.199916933004761,1.2485017967824774,1
75defeb3-5a9b-4c54-8fe4-38a8e7cebd43,3940983,Denmark,Christian Dannemann Eriksen,30,46,1,100.8,38.0,From Free Kick,0.08993592,Blocked,Free Kick,Normal,Right Foot,,,,,,6.0,8.283303381904503,0.0,18.03395887754968,1.43979266288693,1
055f769b-711d-4ec6-9335-8df6d21258d9,3940983,Denmark,Rasmus Winther Højlund,32,28,1,105.9,20.0,Regular Play,0.008721689,Blocked,Open Play,Normal,Left Foot,,,,,,0.0,0.7631372267283573,2.0,18.700964547361938,1.9263873398187457,1
25bdc3b8-21f0-4fd3-bf57-cf85e47d3145,3940983,Germany,Kai Havertz,41,32,1,111.5,39.7,From Free Kick,0.13610949,Saved,Open Play,Normal,Head,,,,True,True,0.0,0.999754193566215,3.0,7.2083607600819315,1.3456456014974094,1
46432a77-6a9d-4a33-b5a2-e78889f6cab4,3940983,Germany,Nico Schlotterbeck,41,42,1,112.3,31.4,From Free Kick,0.039883997,Off T,Open Play,Normal,Head,,,,True,True,0.0,0.6232089136178618,2.0,7.205670687885658,2.713010162008189,1
0afe3a3c-7071-46c9-9bc1-f7aed247dac8,3940983,Denmark,Rasmus Winther Højlund,46,7,1,115.0,51.7,From Throw In,0.061353974,Off T,Open Play,Normal,Right Foot,,True,,,,0.0,0.8480454656790258,1.0,7.382163526342636,1.9388073115208044,1
02b6c0c1-4de5-4317-80ec-fefc1f80042b,3940983,Denmark,Rasmus Winther Højlund,49,35,1,108.2,37.4,Regular Play,0.48120555,Saved,Open Play,Normal,Left Foot,True,,,,,0.0,4.433777767002699,1.0,1.788280985736582,10.493076928529675,1
b8618f78-ecfd-479d-8e22-6b10a899a256,3940983,Germany,Kai Havertz,52,58,2,108.0,40.0,Other,0.7835,Goal,Penalty,Normal,Left Foot,,,,,,0.0,9.874326808158765,0.0,12.061359065170176,-0.05225092989530822,1
de3c0427-25c8-4586-ab1a-1c370f5769e3,3940983,Germany,Kai Havertz,58,24,2,108.9,31.0,Regular Play,0.42521873,Off T,Open Play,Lob,Left Foot,,True,,,,0.0,4.980632319003624,1.0,5.053683084309243,7.342955326202031,1
0b3fa5e2-37cf-4053-89db-adf2b68a6839,3940983,Denmark,Rasmus Winther Højlund,65,39,2,105.6,30.8,Regular Play,0.059370115,Saved,Open Play,Normal,Left Foot,,,,,True,1.0,1.7256449807676595,2.0,11.066421576397106,4.880373547448713,1
fb2a3700-38db-44d9-9c84-b7420fa27075,3940983,Germany,Jamal Musiala,67,48,2,110.2,28.9,Regular Play,0.25639373,Goal,Open Play,Normal,Right Foot,,True,,,,0.0,2.237836983518168,1.0,6.922890198195976,5.544464284777774,1
0f2bf516-f2c9-4e8e-831c-a1c10a60c64b,3940983,Denmark,Joachim Andersen,76,5,2,114.2,33.2,From Corner,0.0607214,Wayward,Open Play,Normal,Head,,,,,,1.0,1.445753034696473,6.0,6.102675086545853,-0.17897478752288976,1
70bc22ca-dd60-4df3-8af4-81570166a488,3940983,Germany,Joshua Kimmich,78,35,2,48.1,47.9,Regular Play,0.0027235784,Wayward,Open Play,Normal,Right Foot,True,,,,True,0.0,1.9313511967644046,1.0,,,1
92065cf6-c561-4d46-ad51-a6fb3f4193e8,3940983,Denmark,Pierre-Emile Højbjerg,82,1,2,94.3,43.0,Regular Play,0.03581329,Blocked,Open Play,Normal,Right Foot,True,,,,,1.0,3.1375566460768063,1.0,22.771606978339776,3.1797219161204993,1
0036d10c-0d57-49d3-a49c-991714567524,3940983,Germany,Benjamin Henrichs,88,37,2,97.7,22.4,Regular Play,0.018572439,Off T,Open Play,Normal,Right Foot,,,,,,0.0,3.1907023938914745,2.0,25.575935631453657,2.975552901056716,1
6276bb86-77b8-4ddb-9bc3-315181e57859,3940983,Germany,Florian Wirtz,89,11,2,101.4,45.0,Regular Play,0.11136572,Saved,Open Play,Normal,Left Foot,,,,,True,0.0,0.81291364572617,3.0,15.675163183579395,3.368109726928253,1
f276ddc9-e4c7-4c49-870e-3d3613dbd10f,3940983,Denmark,Jannik Vestergaard,93,27,2,106.8,42.2,From Corner,0.061550424,Blocked,Open Play,Half Volley,Right Foot,True,,,,,0.0,0.7415724721844095,1.0,9.321309089721797,3.893710991232865,1
188b572e-f4c3-4353-a3c1-e4d713a95d10,3940983,Germany,Kai Havertz,94,4,2,106.6,29.6,From Counter,0.18960205,Saved,Open Play,Normal,Left Foot,,,,,True,0.0,2.8638051978217605,2.0,10.054296518012293,5.6824744340316045,1
684147f8-8ceb-4297-a918-06079c987c1e,3940878,Switzerland,Dan Ndoye,11,0,1,108.4,51.9,Regular Play,0.04959083,Wayward,Open Play,Volley,Right Foot,True,,,,True,0.0,1.571588016218641,2.0,12.16744847968475,2.126007330521162,1
a0170cae-732a-49c9-9bfa-59943b9ae2f0,3940878,Switzerland,Breel-Donald Embolo,23,27,1,106.4,30.3,Regular Play,0.19980636,Saved,Open Play,Half Volley,Right Foot,True,,,,,0.0,3.5044318476733065,1.0,8.314745334427363,6.965972902216237,1
d1ad705d-6975-4da8-86ed-ac06c9a4d311,3940878,Switzerland,Dan Ndoye,23,32,1,108.0,50.3,Regular Play,0.037947614,Blocked,Open Play,Normal,Left Foot,,,,,,0.0,1.6858283158752736,3.0,12.801704530723693,2.2476473925489557,1
ffa30644-1c37-4620-b6e4-39e50c6b25bd,3940878,Switzerland,Remo Freuler,23,36,1,94.4,42.5,Regular Play,0.029872663,Blocked,Open Play,Normal,Right Foot,,,,,,2.0,5.447425272315285,0.0,24.191676596246328,1.4972001137245172,1
33554e2f-25fa-4632-9765-b68df0352c67,3940878,Switzerland,Breel-Donald Embolo,25,0,1,93.7,36.4,Regular Play,0.028032592,Blocked,Open Play,Normal,Left Foot,,,,,,1.0,1.2150848105988257,1.0,23.691408694350784,2.8627703365020807,1
2157c59a-ce26-42d5-97d6-60eb0b27c90b,3940878,Italy,Federico Chiesa,25,29,1,109.2,27.3,Regular Play,0.060102012,Blocked,Open Play,Normal,Right Foot,,,,,True,0.0,0.9978688729622207,3.0,12.809020059369336,2.449893381762081,1
73dc005f-02bd-4a08-9cf7-a88066d3457a,3940878,Switzerland,Dan Ndoye,27,17,1,108.7,53.7,Regular Play,0.03514188,Blocked,Open Play,Normal,Right Foot,,,,,,0.0,2.172525937825925,2.0,13.459404792526156,1.99610047097363,1
eca93d14-50f3-42e9-8ccb-0257350ab5ea,3940878,Switzerland,Fabian Lukas Schär,30,58,1,108.1,55.0,Regular Play,0.017792227,Blocked,Open Play,Normal,Left Foot,,,,,,0.0,1.577722940983374,2.0,15.517883125906774,1.686304763418491,1
d5918e6a-50c4-4367-8e12-7fd86860ca6d,3940878,Switzerland,Ricardo Iván Rodríguez Araya,31,7,1,91.6,25.6,Regular Play,0.014435371,Off T,Open Play,Normal,Left Foot,,,,,,1.0,2.454162996961585,1.0,28.913100582163498,2.4128982762724434,1
3f60f7da-f2e4-419e-97bb-9345de9d32ab,3940878,Switzerland,Remo Freuler,36,20,1,111.1,34.4,From Free Kick,0.14406602,Goal,Open Play,Half Volley,Left Foot,,,,,,1.0,2.6606140974860364,2.0,7.70279597203191,1.9838026577096457,1
a7b9a684-dc65-4fad-b076-07d54e298e4e,3940878,Switzerland,Fabian Rieder,45,12,1,100.0,66.4,From Free Kick,0.008087687,Saved to Post,Free Kick,Normal,Left Foot,,,,,,1.0,11.125079899353022,0.0,32.50282726455279,2.9457050069447632,1
e1ac10e8-cebd-4c9f-b221-22482aeb307f,3940878,Switzerland,Ruben Vargas,45,27,2,103.5,25.6,Regular Play,0.044832002,Goal,Open Play,Normal,Right Foot,,,,,,0.0,3.6861357452642216,2.0,18.105233794949037,2.4566336128611113,1
7cd33622-e972-40a9-b645-0721fbd4fd38,3940878,Italy,Federico Chiesa,51,6,2,116.2,51.2,Regular Play,0.046473652,Wayward,Open Play,Half Volley,Right Foot,True,,,,True,,,,,,0
ff4689db-2759-486d-8baf-0f0773544cc3,3940878,Italy,Federico Chiesa,52,26,2,95.3,39.3,From Corner,0.026729954,Blocked,Open Play,Half Volley,Left Foot,,,,,,4.0,2.148709926733576,1.0,23.616182840213806,1.086079638749922,1
637076ad-9e86-40c1-b62d-1af3039c173a,3940878,Switzerland,Ricardo Iván Rodríguez Araya,54,19,2,91.6,28.4,Regular Play,0.023338681,Blocked,Open Play,Normal,Left Foot,,,,,,1.0,5.091238243136442,0.0,28.29182149336978,1.9467868273741544,1
cfb855f8-d04b-423f-8b13-153de1699122,3940878,Italy,Bryan Cristante,55,40,2,90.0,45.3,Regular Play,0.021880716,Blocked,Open Play,Normal,Right Foot,,,,,,2.0,1.4017615587481238,1.0,28.11537426873881,2.1688484171951927,1
f226cfe7-8522-4b60-8f22-dcaa51ff8229,3940878,Switzerland,Dan Ndoye,58,43,2,94.9,52.6,From Free Kick,0.026606286,Off T,Open Play,Normal,Left Foot,,,,,,1.0,3.2158432403205497,2.0,24.27477652595641,3.532612118755239,1
8c6c9504-ea6c-4dee-9e38-972e141f1f4c,3940878,Switzerland,Granit Xhaka,64,12,2,100.3,30.0,Regular Play,0.0407081,Blocked,Open Play,Normal,Left Foot,,,,,,0.0,4.233583329142137,2.0,19.36391605499917,2.0297575479833654,1
65021380-01c3-4433-be49-bf2ef1c1abb3,3940878,Italy,Mateo Retegui,72,20,2,99.1,44.7,From Throw In,0.0671122,Saved,Open Play,Normal,Left Foot,,,,,,1.0,1.6731965338865624,2.0,19.04341300670695,2.78066437243082,1
e388d557-a792-4f9a-9e11-5d086096c95b,3940878,Italy,Mattia Zaccagni,73,33,2,109.4,41.6,From Throw In,0.11148876,Wayward,Open Play,Normal,Head,,True,,,,0.0,3.539350473970213,2.0,7.387517447807253,3.5355678097432985,1
2e366db2-0235-4693-a8a9-489c1f9e4544,3940878,Italy,Gianluca Scamacca,73,34,2,116.9,34.1,From Throw In,0.3101263,Post,Open Play,Half Volley,Right Foot,True,,,,,0.0,2.6520966135626884,1.0,4.5008158461167715,1.0104091734831968,1
a93859de-d61e-4a29-a991-f10a924609fc,3940878,Italy,Nicolò Fagioli,73,48,2,91.4,28.3,Regular Play,0.018499942,Off T,Open Play,Normal,Right Foot,,,,,,1.0,3.6116647741032577,2.0,27.637837913122247,2.886346620767654,1
349f83ad-256c-460b-9517-1b76a45de0cc,3940878,Italy,Gianluca Scamacca,75,48,2,97.5,43.0,From Free Kick,0.032929283,Off T,Open Play,Half Volley,Right Foot,True,,,,,1.0,2.2626842996680496,1.0,20.60533376099228,2.1280510601884686,1
8a704c19-19d5-450f-92c4-84130d63ac18,3940878,Switzerland,Remo Freuler,78,15,2,98.7,40.3,From Corner,0.037396807,Off T,Open Play,Half Volley,Left Foot,True,,,,,2.0,4.3032950857334376,1.0,19.846051862133315,1.504300715151473,1
a650adb0-a28e-413a-98c3-0063eb301af4,3940878,Switzerland,Steven Zuber,82,39,2,114.8,26.8,Regular Play,0.044701636,Wayward,Open Play,Normal,Left Foot,True,,,,,0.0,1.5982383814524346,1.0,10.179669750880644,2.332686523300737,1
e8c689b7-36cf-48e0-86e4-9409c90df78c,3940878,Italy,Lorenzo Pellegrini,84,37,2,93.0,29.9,From Goal Kick,0.021618782,Off T,Open Play,Normal,Right Foot,,,,,,,,,,,0
7f8aadff-5c10-4514-aa79-01e7223d7dae,3940878,Italy,Federico Chiesa,90,47,2,103.4,63.1,Regular Play,0.008696314,Wayward,Open Play,Normal,Left Foot,,,,,True,0.0,1.5533928741279364,1.0,26.651635276376734,1.6423534037052292,1
8d48c9e7-5485-4b4b-9a4c-1e46c86f4550,3930177,Hungary,Bendegúz Bolla,7,9,1,89.7,52.3,Regular Play,0.015725836,Saved,Open Play,Normal,Right Foot,,,,,,0.0,2.9605611942716634,1.0,,,1
6271160d-68ab-4e2f-99da-27c7bc95c128,3930177,Hungary,Dominik Szoboszlai,31,26,1,88.7,42.2,From Free Kick,0.025828812,Blocked,Free Kick,Normal,Right Foot,,,,,,2.0,10.325821129284739,0.0,30.782079670544974,0.5860426902129632,1
b4dfade0-e30c-4330-ae40-29a94af832c7,3930177,Hungary,Roland Sallai,34,4,1,94.0,53.7,From Throw In,0.019044949,Off T,Open Play,Normal,Right Foot,,,,,,1.0,4.189242948304378,2.0,25.354955929782783,3.8956925489882224,1
31d12960-15e1-4a6f-b7c0-b4496886100a,3930177,Hungary,Willi Orban,40,18,1,116.5,32.3,From Free Kick,0.14024208,Post,Open Play,Normal,Head,,True,,,True,0.0,1.7378977286733854,2.0,2.6817294335597373,2.6416213460778692,1
cc50e062-42c9-4f2b-91c7-5f11f3fac213,3930177,Hungary,Dominik Szoboszlai,45,43,1,94.9,41.6,From Counter,0.043323457,Off T,Open Play,Normal,Left Foot,,,,,True,0.0,3.231712963248949,1.0,23.266208047863735,1.9076358855886184,1
53b6449e-f5d0-475b-bd78-56e8644c89c4,3930177,Hungary,Roland Sallai,48,42,2,104.9,32.0,From Throw In,0.05792367,Saved,Open Play,Half Volley,Left Foot,True,,,,,1.0,1.9577083217336582,2.0,15.481770137137818,1.7949947606156087,1
cd600ae4-f571-4326-bf93-f86e5ae53c66,3930177,Scotland,Che Adams,52,54,2,96.1,25.7,From Throw In,0.020522645,Off T,Open Play,Normal,Right Foot,,,,,,1.0,2.4855235774695617,1.0,23.550153920574502,3.8534423707014867,1
74a6535d-1018-4612-a6f6-2059a98b1cbe,3930177,Hungary,Roland Sallai,55,32,2,104.1,28.3,From Counter,0.038458098,Blocked,Open Play,Normal,Right Foot,,,,,,1.0,2.289033958289755,2.0,16.782300420320784,2.6244676007464847,1
3c4605d6-f01b-443e-94cf-eb6f90fe7044,3930177,Hungary,Márton Dárdai,63,46,2,110.5,43.0,From Corner,0.05713405,Off T,Open Play,Normal,Head,,,,True,True,1.0,0.4700228770566131,3.0,6.36684357105692,3.1411792873221884,1
2bd3f3d4-5089-44aa-bae7-d15a902af6e7,3930177,Hungary,András Schäfer,89,32,2,103.9,55.7,From Free Kick,0.0365714,Saved,Open Play,Normal,Right Foot,,,,,,,,,,,0
cc86d64e-ce69-4fd5-946a-47a326cf51ec,3930177,Hungary,András Schäfer,89,58,2,97.0,44.5,From Corner,0.029436294,Off T,Open Play,Half Volley,Left Foot,True,,,,,5.0,7.26652199661703,0.0,22.37980349289437,0.9561082512495034,1
074abff4-ff69-4e9a-b186-7da560be7aa8,3930177,Hungary,Dominik Szoboszlai,90,44,2,111.0,54.9,Regular Play,0.06067144,Saved,Open Play,Normal,Right Foot,,,,,,0.0,3.7998681220111954,1.0,11.761959861601419,2.623708477525213,1
21224770-c746-4346-adee-2fed517f7f8d,3930177,Hungary,Kevin Csoboth,91,40,2,113.8,51.1,From Throw In,0.18480031,Post,Open Play,Normal,Right Foot,,True,,,,0.0,3.2562567111741436,1.0,6.350454886871546,2.7618938730186358,1
9c10ad0d-c3d4-4c58-9844-2ddf25e243c1,3930177,Scotland,Callum McGregor,93,22,2,95.1,32.3,From Free Kick,0.026212929,Blocked,Open Play,Normal,Left Foot,,,,,,2.0,4.19608470681826,1.0,24.09115464658202,1.9087996220309833,1
71173e0f-28f0-4766-929f-a0b0e0562389,3930177,Hungary,Ádám Nagy,96,41,2,93.3,29.7,From Free Kick,0.028947517,Off T,Open Play,Normal,Left Foot,,,,,,0.0,2.8567197982855084,1.0,24.973053767644487,3.8461083390571105,1
c625295b-da2a-449e-b0a0-1bf726eea437,3930177,Scotland,Lewis Morgan,97,8,2,105.4,30.9,From Goal Kick,0.05578008,Blocked,Open Play,Normal,Left Foot,,,,,True,0.0,0.4343761496043919,2.0,14.062930902587237,2.482130599092301,1
1c15497f-2e32-4af7-9b04-c82d1b9c1174,3930177,Scotland,Callum McGregor,99,17,2,110.3,39.8,From Corner,0.0810196,Blocked,Open Play,Half Volley,Right Foot,,,,,True,1.0,0.7947042918786784,3.0,7.038599712283694,2.6719220709943414,1
59f6a9f1-0f92-4ea8-84e7-c6f18f25e1a7,3930177,Hungary,Kevin Csoboth,99,33,2,107.2,36.6,Regular Play,0.26290518,Goal,Open Play,Normal,Right Foot,True,,,,,1.0,4.030865202180288,1.0,9.193257178447402,5.325899934864111,1
e1393198-19a3-45b8-9873-5df8c3e1be95,3930173,Netherlands,Jeremie Frimpong,0,56,1,108.6,53.7,From Kick Off,0.09676152,Saved,Open Play,Normal,Right Foot,,True,,,True,0.0,0.7653294329902826,1.0,9.949676633462023,3.518801299283055,1
5c6d1564-7dda-4230-8579-13d32b3a2311,3930173,France,Antoine Griezmann,3,48,1,95.1,22.1,Regular Play,0.0084621785,Saved,Open Play,Normal,Left Foot,,,,,,1.0,3.6557193480988177,2.0,28.287801721959756,3.42041825386697,1
45f7ea23-4918-45ae-beb6-ae5bc36f5faf,3930173,France,Antoine Griezmann,13,47,1,107.7,37.5,Regular Play,0.09589434,Off T,Open Play,Normal,Left Foot,True,,,,True,0.0,1.597554374748491,2.0,9.32679534076547,3.008787441474027,1
1f765470-8eed-4ed9-99c6-d2be29838722,3930173,Netherlands,Cody Mathès Gakpo,15,56,1,99.8,29.6,From Throw In,0.049663115,Saved,Open Play,Normal,Right Foot,,,,,,2.0,4.775699416235407,2.0,20.15697551978982,2.2042258517297455,1
c335193e-87ec-4f89-bcee-f9a6a8d13d95,3930173,Netherlands,Tijjani Reijnders,27,17,1,92.8,30.8,Regular Play,0.024566133,Blocked,Open Play,Normal,Right Foot,,,,,True,1.0,0.9329892678238062,2.0,25.61480548268756,2.952125598500345,1
6ff0ff00-2a44-4514-a4bb-771d1f59a63a,3930173,France,Marcus Thuram,27,39,1,109.8,55.4,From Keeper,0.057095893,Off T,Open Play,Normal,Right Foot,True,,,,,0.0,1.1226289770097533,1.0,13.445272827892763,2.364550178889104,1
ce8dda9c-6500-4f66-a1e9-cb3685ea9dde,3930173,Netherlands,Jeremie Frimpong,34,27,1,105.9,50.3,From Keeper,0.07304683,Blocked,Open Play,Normal,Right Foot,,,,,,0.0,2.4468075971950376,2.0,12.910637058118265,3.9635105537957145,1
f1ad3c01-c6a7-4704-b059-216fcd316d4f,3930173,Netherlands,Xavi Simons,35,5,1,94.8,31.5,From Keeper,0.033340927,Saved,Open Play,Normal,Right Foot,,,,,,1.0,3.7145244199371636,2.0,20.30135978034881,6.011729792000935,1
0c5e286f-7e99-4a97-81b1-e54fb4827e91,3930173,France,Antoine Griezmann,40,34,1,99.3,55.2,From Free Kick,0.043873254,Blocked,Free Kick,Normal,Left Foot,,,,,,3.0,9.028424140476965,0.0,25.216945980523775,1.1562171622052375,1
92101182-64ee-4d09-9553-9b1250018017,3930173,France,Antoine Griezmann,42,20,1,107.6,35.3,From Throw In,0.067954645,Saved,Open Play,Normal,Head,,,,,,0.0,3.4657854141296953,1.0,11.762848084069047,2.3396987523148027,1
eded018d-5a54-498e-9a84-54f508a92f02,3930173,France,Ousmane Dembélé,50,21,2,98.5,45.2,From Free Kick,0.048582327,Blocked,Open Play,Normal,Left Foot,,,,,,1.0,1.992545874186052,1.0,20.527309705126466,1.6242853489252695,1
03d817d1-1c99-445b-ab23-bb914562a24f,3930173,France,N'Golo Kanté,51,57,2,94.8,56.3,From Throw In,0.020307582,Off T,Open Play,Normal,Right Foot,,,,,True,0.0,2.3863679104495756,1.0,,,1
510742bf-fd02-40a0-b818-fe070c3ea855,3930173,Netherlands,Memphis Depay,54,39,2,92.3,33.5,From Free Kick,0.053838786,Blocked,Free Kick,Normal,Right Foot,,,,,,4.0,8.119009685076097,0.0,28.216943449033373,0.5078619909621267,1
78acf6ed-ab87-479b-b14b-24c64d194407,3930173,France,Adrien Rabiot,56,36,2,110.5,38.1,From Free Kick,0.19072829,Off T,Open Play,Half Volley,Right Foot,True,,,,True,1.0,1.182214261367687,3.0,8.243159527085862,1.7851851572931992,1
c43def2d-d4a6-447d-8275-dbd82a56c892,3930173,France,Aurélien Djani Tchouaméni,58,32,2,91.3,33.0,Regular Play,0.020245472,Blocked,Open Play,Normal,Right Foot,,,,,True,1.0,1.4079513843383662,1.0,28.34879774740976,1.3174333386625818,1
9d075a94-3d72-4a2b-91e1-e897a1548b5d,3930173,France,Marcus Thuram,59,47,2,98.8,41.7,From Throw In,0.07412944,Off T,Open Play,Normal,Right Foot,,,,,,0.0,0.6790392974968907,3.0,19.484944169483565,1.7824806180349952,1
46349998-4de7-40ac-a646-1d3c6330b664,3930173,France,Aurélien Djani Tchouaméni,62,13,2,109.8,41.1,From Corner,0.06818111,Off T,Open Play,Normal,Head,,,,True,True,0.0,0.70383833845983,4.0,8.08043585530043,2.2185488159956037,1
8d62c349-73e9-4386-92b1-5f5d3e0b0fdb,3930173,France,Antoine Griezmann,64,43,2,113.8,43.8,Regular Play,0.38357785,Saved,Open Play,Half Volley,Left Foot,,,,,,0.0,2.8869866515204055,2.0,4.303802051447974,3.0313044386319916,1
a225bebf-ba5d-4947-a7d2-71c62ad697fa,3930173,France,Aurélien Djani Tchouaméni,65,36,2,96.6,20.8,From Corner,0.009652127,Blocked,Open Play,Normal,Right Foot,,,,,,1.0,6.554350790920257,0.0,26.730983174697425,3.2425675478775986,1
6eeae86c-20c9-4e41-934a-678a37ca7696,3930173,France,Ousmane Dembélé,67,19,2,102.5,50.5,Regular Play,0.05260031,Off T,Open Play,Normal,Left Foot,,,,,,1.0,2.174725172393651,2.0,17.66628263083312,2.2698790985410824,1
afa57717-95e4-49bf-8678-c7ecec04db60,3930173,Netherlands,Memphis Depay,68,32,2,110.3,32.8,From Goal Kick,0.27552643,Saved,Open Play,Half Volley,Left Foot,,,,,True,1.0,0.44603410028187584,3.0,8.198204718660735,2.143357027121141,1
b713a316-3a11-4396-a046-f0d15d11eb48,3930173,Netherlands,Xavi Simons,68,33,2,103.9,36.2,From Goal Kick,0.106497265,Wayward,Open Play,Half Volley,Right Foot,True,,,,,1.0,4.252599719121211,1.0,12.799458513623643,3.356790860852712,1
844ed2e2-0f0a-48d7-83ae-48f008935239,3930173,Netherlands,Virgil van Dijk,78,38,2,106.8,38.5,From Corner,0.024942296,Blocked,Open Play,Normal,Head,,,,True,True,0.0,1.9866524602482307,6.0,10.305428330976618,3.45956331969289,1
5f4e92cd-8d53-48f9-ad84-ec1b9e35ebd7,3930173,France,N'Golo Kanté,90,29,2,107.0,50.6,From Throw In,0.07711755,Blocked,Open Play,Normal,Right Foot,,,,,,0.0,1.3175913399414534,6.0,13.134343789676148,2.6357716164873466,1
ab23bfae-010a-4aee-aa9a-42058016a42a,3930172,Spain,Pedro González López,1,25,1,113.1,39.3,From Goal Kick,0.20873496,Saved,Open Play,Normal,Head,,,,,,0.0,2.5187507859312976,3.0,5.0373257206682105,1.8643979925377607,1
f42d1012-8959-45f9-829e-b42a256532da,3930172,Spain,Nicholas Williams Arthuer,9,44,1,112.6,43.2,From Free Kick,0.16577838,Off T,Open Play,Normal,Head,,,,,,0.0,1.4697268977500881,2.0,4.159433974572132,3.315309063201127,1
ec41789e-ca28-40a5-8bc5-a3ce1b1c0eff,3930172,Spain,Álvaro Borja Morata Martín,14,3,1,101.1,29.8,Regular Play,0.045866285,Blocked,Open Play,Normal,Right Foot,,,,,True,0.0,0.4807347568287174,2.0,18.40230231889069,2.8379745385184947,1
9a1382ad-0517-4743-8d0a-99193a38230c,3930172,Spain,Álvaro Borja Morata Martín,23,27,1,115.3,49.5,From Throw In,0.0889132,Saved,Open Play,Normal,Right Foot,,,,,True,0.0,2.6234354806130162,1.0,5.262856372119931,1.8668639885592029,1
63e82ba0-3428-4d5c-8c28-7e7c3a63c0bd,3930172,Spain,Fabián Ruiz Peña,24,27,1,88.6,42.3,Regular Play,0.020980582,Saved,Open Play,Normal,Left Foot,,,,,,1.0,4.685220480208525,1.0,30.76173485901956,0.6853451772013983,1
d1298992-2045-4c4a-99b9-93863162f618,3930172,Spain,Rodrigo Hernández Cascante,26,21,1,83.3,37.9,From Goal Kick,0.0063212407,Off T,Open Play,Normal,Right Foot,,,,,,1.0,4.750165183404996,1.0,,,1
b7d728cc-9df1-452f-8ded-d44a551cd37f,3930172,Spain,Rodrigo Hernández Cascante,27,41,1,99.7,38.8,Regular Play,0.06796482,Blocked,Open Play,Normal,Right Foot,True,,,,,2.0,6.343114791339453,0.0,18.31654776330404,2.0752552938023427,1
21b830b6-9273-4c85-9880-8c550e4878be,3930172,Spain,Fabián Ruiz Peña,36,31,1,93.4,47.8,From Free Kick,0.018837484,Off T,Open Play,Half Volley,Left Foot,,,,,True,1.0,4.461693264150194,1.0,25.55575129433714,2.1305443272615605,1
46938e90-0404-450d-93ce-643b19d6c341,3930172,Spain,Fabián Ruiz Peña,40,56,1,94.8,46.2,From Throw In,0.05605037,Saved,Open Play,Normal,Left Foot,True,,,,,1.0,3.9649540775379997,3.0,22.265031180774276,3.446177694616779,1
c3832fac-2f87-4751-8215-df2fc3c6dd9c,3930172,Italy,Federico Chiesa,45,0,1,103.2,57.2,Regular Play,0.028738793,Off T,Open Play,Normal,Right Foot,,,,,,1.0,0.820027256183693,2.0,19.140786176357686,2.020193863901298,1
3587e606-ee94-401f-a061-6c60d05aa202,3930172,Spain,Pedro González López,51,25,2,110.9,35.1,From Keeper,0.22276898,Off T,Open Play,Normal,Right Foot,True,,,,,1.0,3.3754500380779664,1.0,7.503519131697003,1.624137048732024,1
71e47777-d024-4b20-bf7b-30f7dd2317b8,3930172,Spain,Pedro González López,52,44,2,92.3,35.6,Regular Play,0.031200469,Saved,Open Play,Normal,Right Foot,,,,,,,,,,,0
b565e418-b2a5-494f-95fc-1372074c8c81,3930172,Spain,Álvaro Borja Morata Martín,54,3,2,113.8,27.3,Regular Play,0.043265585,Saved Off Target,Open Play,Normal,Head,,,,,,0.0,3.332013933140951,2.0,10.699946218772487,2.173707786515166,1
6052c0f4-efad-40fd-9646-6d180011c7c1,3930172,Spain,Álvaro Borja Morata Martín,57,16,2,93.0,33.9,From Throw In,0.039537966,Saved,Open Play,Normal,Right Foot,,,,,,0.0,4.8038946914529435,1.0,22.383968625941954,4.921944407841181,1
bf144eb1-1ccd-4a04-9440-3bf067927acf,3930172,Spain,Robin Aime Robert Le Normand,57,57,2,113.0,44.1,From Corner,0.07005949,Blocked,Open Play,Normal,Head,,,,True,True,1.0,1.187933120839027,2.0,6.331461266795916,2.522411303793106,1
c0b7559d-a392-449e-890b-29754d1fe4fa,3930172,Spain,Lamine Yamal Nasraoui Ebana,59,41,2,97.3,55.7,From Free Kick,0.022184672,Off T,Open Play,Normal,Left Foot,,,,,,0.0,3.4301280304374875,3.0,25.137711870654716,2.954146736995199,1
25bfdd86-f5ae-457e-a0ce-3f24b2b95858,3930172,Spain,Nicholas Williams Arthuer,69,58,2,103.5,21.2,Regular Play,0.0101199495,Post,Open Play,Normal,Right Foot,,,,,True,0.0,1.3668764534817845,1.0,21.51364332048676,2.583623311848541,1
fcca6db5-16ad-430f-b2e4-e29a022e1b59,3930172,Italy,Lorenzo Pellegrini,73,27,2,94.5,25.7,From Free Kick,0.041307483,Off T,Free Kick,Normal,Right Foot,,,,,,0.0,10.170861705664525,0.0,27.775335948866598,2.6067222743272254,1
aaa87c9e-08fa-4c99-83e0-3856d3ac5ee8,3930172,Spain,Ayoze Pérez Gutiérrez,80,13,2,109.9,29.1,Regular Play,0.081019565,Blocked,Open Play,Normal,Left Foot,,,,,,0.0,0.771701200370475,1.0,10.648181598410671,2.277932941745547,1
fd2553a8-00bf-4376-80ea-e9cdeb873e92,3930172,Spain,Aymeric Laporte,80,41,2,113.5,46.0,From Corner,0.09134299,Off T,Open Play,Normal,Head,,,,True,True,0.0,0.8333790870234515,1.0,8.838727106703256,3.7945443644676686,1
d0079816-628f-4821-ab64-9c938311173e,3930172,Italy,Bryan Cristante,85,50,2,115.1,31.7,From Corner,0.04522397,Saved,Open Play,Backheel,Right Foot,True,,,,True,0.0,2.7852895301897296,2.0,6.393864785970237,1.9551975192340763,1
681aaed3-1b14-469d-99a7-54523b5de6df,3930172,Spain,Ayoze Pérez Gutiérrez,90,50,2,112.0,24.5,From Goal Kick,0.030097554,Saved,Open Play,Normal,Right Foot,,,,,True,0.0,1.0879914328209834,1.0,12.877352847636885,2.8248604286748105,1
f9283358-3789-4b9a-9a82-30adecd462ea,3930172,Spain,Ayoze Pérez Gutiérrez,91,41,2,106.6,29.2,From Free Kick,0.21283588,Saved,Open Play,Normal,Right Foot,,True,,,True,0.0,1.3392405216848229,2.0,9.702597830977457,5.846395343366325,1
2457cafb-f0a3-4f95-bbff-02167da488a6,3930172,Italy,Riccardo Calafiori,96,9,2,102.5,30.0,From Corner,0.028129116,Off T,Open Play,Volley,Left Foot,True,,,,,4.0,4.209132122717856,1.0,,,1
0e2e7728-1a90-4bbd-81a6-287c115cb7a5,3930167,Albania,Qazim Laçi,10,15,1,111.4,42.7,Regular Play,0.15271324,Goal,Open Play,Normal,Head,,,,,,0.0,2.520946945023722,1.0,7.09535424983194,5.193634977068598,1
840b4c53-4ee4-4271-984d-e181091ed339,3930167,Albania,Nedim Bajrami,14,26,1,106.7,25.1,From Free Kick,0.042951755,Blocked,Open Play,Normal,Right Foot,,,,,,0.0,1.5978369648896245,2.0,16.052437382674274,2.4368049978479576,1
29b825ec-eccc-4a79-bf05-394cffd53429,3930167,Albania,Elseid Hysaj,15,7,1,97.8,46.2,From Corner,0.026227653,Blocked,Open Play,Volley,Left Foot,True,,,,,4.0,5.382192803766654,0.0,21.732162152529636,1.4056436292350583,1
9c19baba-b0e0-4368-8737-506c3ab09749,3930167,Croatia,Mateo Kovačić,19,34,1,94.7,32.2,Regular Play,0.02367818,Blocked,Open Play,Normal,Right Foot,,,,,,1.0,3.776257604215625,1.0,23.831211682584993,2.8784672586841396,1
14412339-cef6-4b25-8992-df2cd48c9d76,3930167,Croatia,Marcelo Brozović,19,45,1,101.7,54.2,Regular Play,0.037039116,Off T,Open Play,Normal,Right Foot,,,,,,1.0,1.1293167919961837,1.0,16.772516298362767,3.7248793914328786,1
b1ec9543-03f1-4717-ba41-4071b6df9171,3930167,Croatia,Bruno Petković,25,56,1,111.9,40.4,From Free Kick,0.15187249,Off T,Open Play,Normal,Head,,True,,True,True,0.0,2.240252499866723,2.0,4.671351121115537,5.303228020572817,1
94d22688-27c5-4b8d-ab6d-6e82bee46516,3930167,Albania,Elseid Hysaj,28,46,1,102.8,44.5,Regular Play,0.07158221,Off T,Open Play,Half Volley,Left Foot,True,,,,,0.0,1.6222755100418393,1.0,15.775840523678662,1.86697884533325,1
e7a6dd14-1111-4e5d-849c-aab4926b596e,3930167,Albania,Kristjan Asllani,30,28,1,106.4,34.7,From Counter,0.4143787,Saved,Open Play,Normal,Right Foot,True,,,,,0.0,1.6960240851197474,1.0,7.434498524531207,6.784766863169779,1
855881c3-b077-412f-af53-3990250a1ee1,3930167,Croatia,Marcelo Brozović,37,53,1,87.8,29.0,From Keeper,0.012439796,Saved,Open Play,Normal,Right Foot,,,,,,0.0,7.684594673910516,0.0,,,1
27845dfa-8707-4745-bf71-1b9d73a2d13f,3930167,Croatia,Lovro Majer,42,17,1,109.1,43.0,From Throw In,0.053446807,Blocked,Open Play,Normal,Head,,,,True,True,0.0,0.3906472544306759,3.0,8.492895938155216,2.4422333057689087,1
5b1a75c9-bf1f-43e3-84b3-7e9bdc2addcf,3930167,Albania,Jasir Asani,45,31,1,92.7,55.5,Regular Play,0.013309195,Blocked,Open Play,Normal,Left Foot,,,,,,0.0,0.9640236630632115,1.0,,,1
aa1d76cc-8326-4fe5-a130-f27fd140d890,3930167,Albania,Rey Manaj,45,34,1,109.1,39.2,Regular Play,0.11167682,Saved,Open Play,Normal,Head,,,,,,0.0,1.290231263639645,1.0,9.475537920786593,1.6178503563924238,1
e8a48405-4c37-4b55-8358-3ebdaa852c6f,3930167,Croatia,Bruno Petković,46,15,2,111.9,35.4,From Throw In,0.053682253,Blocked,Open Play,Normal,Head,,,,True,True,1.0,0.952253159193812,1.0,7.101582447458726,1.8933373679899432,1
057527cb-1c07-4280-9859-e094d1721524,3930167,Croatia,Luka Sučić,49,41,2,106.9,52.1,From Free Kick,0.05831094,Saved,Open Play,Normal,Left Foot,,,,,,0.0,0.43283227468625873,3.0,13.344829870947299,3.2109990427597666,1
6d80fb09-2feb-45ea-96b8-69a526371494,3930167,Croatia,Mario Pašalić,50,4,2,114.6,45.6,From Free Kick,0.09518195,Off T,Open Play,Normal,Head,,,,True,True,0.0,1.089516491974522,2.0,5.610234671044885,1.5518400680247169,1
c2d8a98c-5dda-4910-ab04-2a097c19c6db,3930167,Croatia,Mateo Kovačić,52,54,2,96.8,31.1,Regular Play,0.034642614,Saved,Open Play,Normal,Right Foot,,,,,,1.0,1.705404922993238,2.0,21.947252298648294,2.573061771719381,1
773b37e6-ee75-4b04-a9fe-cbe30495399c,3930167,Croatia,Mario Pašalić,53,46,2,111.2,47.0,Regular Play,0.08055008,Off T,Open Play,Normal,Head,,,,True,True,0.0,0.42687469505708747,1.0,9.60771555122475,2.5253555642849506,1
7d148f09-e6a6-4790-94ab-64c74dd96753,3930167,Croatia,Bruno Petković,56,45,2,112.5,39.2,From Throw In,0.14854461,Blocked,Open Play,Normal,Head,,,,True,True,0.0,0.5544212449371309,3.0,4.78998867175278,2.726856359175102,1
84c5795a-46a9-4752-a820-e7fe5bdd1cf6,3930167,Croatia,Josip Šutalo,57,14,2,117.2,36.5,From Corner,0.27776286,Off T,Open Play,Normal,Head,,,,,,0.0,0.4667547847241923,4.0,1.676690405787878,2.1154559392977887,1
b04522c6-15aa-4d0b-afc1-5b009ef6a29a,3930167,Croatia,Luka Modrić,58,54,2,95.5,50.4,Regular Play,0.027270537,Blocked,Open Play,Normal,Right Foot,True,,,,True,1.0,1.2906352725579133,1.0,23.504175446048027,3.565348451428605,1
69a1d58f-bad6-4d45-b9b4-38ee453b9cba,3930167,Croatia,Ivan Perišić,60,18,2,93.8,28.3,Regular Play,0.019084653,Saved,Open Play,Normal,Left Foot,,,,,,0.0,4.883074897911257,1.0,25.621508688092398,2.48555598740856,1
2f2960b8-2ef1-4f89-8d32-375cfeda4c66,3930167,Albania,Kristjan Asllani,62,47,2,97.9,33.3,From Free Kick,0.047146343,Saved,Open Play,Normal,Right Foot,,,,,True,1.0,0.36818087333359883,2.0,20.541387491450582,2.720720065741304,1
51a48428-dfe0-49c3-a7ee-6615cb2eaf5e,3930167,Albania,Nedim Bajrami,66,7,2,102.5,50.5,From Counter,0.067161754,Off T,Open Play,Normal,Right Foot,,,,,,0.0,3.1704375732958954,2.0,14.357081605329922,5.103843255801252,1
b686c365-b09a-4c0a-97d5-168403d76a32,3930167,Croatia,Mario Pašalić,68,9,2,113.6,43.1,Regular Play,0.103066094,Off T,Open Play,Normal,Head,,,,True,True,0.0,0.8896389078977142,2.0,6.619625553868435,2.1827648285959924,1
6f5c2a3e-28d3-4139-b747-bfc5954837d3,3930167,Albania,Taulant Sulejmanov,72,54,2,92.4,34.4,Regular Play,0.03424818,Saved,Open Play,Normal,Right Foot,,,,,,0.0,1.8616700372868806,1.0,24.644512291155664,3.5309330284841707,1
c5bae188-0e33-4549-b050-d066ddf7b2a5,3930167,Croatia,Andrej Kramarić,73,19,2,107.3,33.5,From Keeper,0.17964375,Goal,Open Play,Normal,Right Foot,,,,,True,1.0,2.302645367622467,3.0,7.105349101909234,6.360434312454913,1
b7b941b2-29d9-4af9-8bc0-ab464275b613,3930167,Croatia,Luka Sučić,75,44,2,111.7,38.8,Regular Play,0.23861712,Blocked,Open Play,Normal,Left Foot,True,,,,,2.0,1.8612849773202458,3.0,9.8836240103105,1.7754359584945973,1
e181fa98-6d89-46a6-8b3e-cdd09d58d96f,3930167,Croatia,Ante Budimir,79,12,2,105.9,35.7,From Free Kick,0.11424082,Saved,Open Play,Normal,Left Foot,,,,,True,0.0,0.6122903649502022,3.0,10.421220925264954,4.1566219781192615,1
70974254-846b-4378-a075-bc5eb5dec118,3930167,Croatia,Luka Modrić,87,39,2,95.3,47.0,From Free Kick,0.047361944,Off T,Open Play,Normal,Right Foot,,,,,,0.0,1.778858219309728,2.0,22.0705540061735,3.7658988808213962,1
f8304316-5401-45ac-ab08-b85ac9223743,3930167,Croatia,Martin Baturina,88,20,2,112.1,23.1,From Goal Kick,0.018151348,Saved,Open Play,Normal,Right Foot,,,,,True,0.0,2.2894134305097604,3.0,13.725676695383862,1.960675700174363,1
e3078f12-57cb-4184-8c10-4dcd53ec5219,3930167,Albania,Arbër Hoxha,89,5,2,96.3,46.2,From Keeper,0.03468018,Saved,Open Play,Normal,Right Foot,,,,,,0.0,2.1946798696805163,3.0,17.566560155356708,6.232584894419759,1
b720513c-9454-473a-a74c-1a0267153ffb,3930167,Albania,Mirlind Daku,92,29,2,110.2,36.4,Regular Play,0.13273408,Blocked,Open Play,Normal,Right Foot,True,,,,,1.0,0.43690991406130386,6.0,8.315080643506226,2.0719838425352606,1
c2ccef25-60f5-46a8-9948-0bdf266211f0,3930167,Albania,Klaus Gjasula,94,23,2,108.0,40.2,From Throw In,0.11446814,Goal,Open Play,Normal,Left Foot,True,,,,,1.0,2.945926386577117,1.0,11.049778193113962,1.0117093825719365,1
a550ec77-bdf3-4c63-b963-3e20a0bb625d,3930167,Albania,Klaus Gjasula,96,34,2,99.3,39.6,Regular Play,0.062581755,Blocked,Open Play,Normal,Right Foot,True,,,,,2.0,3.5315916434197194,1.0,18.844082518803134,1.9068579508350751,1
601a4b37-c5f7-4dec-9c0e-2590eaae8e90,3930167,Croatia,Mateo Kovačić,98,0,2,103.2,30.4,Regular Play,0.08401197,Saved,Open Play,Normal,Left Foot,,,,,,0.0,1.3184550655271137,3.0,12.794475427123931,5.468248694840426,1
8b1d20ef-6c40-4260-b52c-3cd03dec3a45,3930168,Hungary,Roland Sallai,0,15,1,113.3,35.8,Regular Play,0.43428022,Saved,Open Play,Half Volley,Right Foot,True,,,,,0.0,4.615268347748049,1.0,3.217490550711055,4.442847667543205,1
f9b59ba2-042c-44d4-9055-b45d2c7da06e,3930168,Germany,Kai Havertz,4,4,1,101.1,50.7,Regular Play,0.0723028,Saved,Open Play,Normal,Left Foot,,,,,,0.0,1.8803589703047334,2.0,17.266879812565627,3.5252768323579744,1
a6f190fd-2ef8-4235-9c58-054d520e2ea8,3930168,Hungary,Bendegúz Bolla,5,57,1,109.3,54.7,From Corner,0.042028096,Blocked,Open Play,Half Volley,Right Foot,True,,,,,0.0,5.7092740284057095,0.0,13.772584266222655,1.712927712487911,1
63f7238d-899e-4738-b296-3cf1e828cd2c,3930168,Germany,Kai Havertz,10,50,1,114.9,48.7,From Throw In,0.17632313,Saved,Open Play,Half Volley,Left Foot,,,,,,0.0,0.43828666876033195,1.0,3.879332159258217,3.1122628803725263,1
2480a059-b97c-43fa-9139-6ce260fb1391,3930168,Germany,Robert Andrich,11,35,1,109.2,48.8,From Corner,0.058733784,Blocked,Open Play,Volley,Right Foot,True,,,,,2.0,3.968901627985191,1.0,11.410523574649579,1.532246461143984,1
ca980efb-4a23-4872-915d-4d02fcf08655,3930168,Hungary,Roland Sallai,14,24,1,101.3,38.3,Regular Play,0.060010985,Blocked,Open Play,Normal,Right Foot,,,,,,1.0,2.5273215694802342,2.0,15.574320400277898,3.14709021188051,1
a6bbd277-3be1-488d-96da-c895d50fb9ac,3930168,Germany,Jamal Musiala,21,44,1,111.1,36.9,Regular Play,0.17679916,Goal,Open Play,Normal,Right Foot,,,,,True,1.0,0.9176296518001887,2.0,3.0330375018949614,6.1093670288282595,1
32ed2930-744f-4f08-9ff5-946a32e85b36,3930168,Hungary,Dominik Szoboszlai,25,17,1,95.7,21.5,From Free Kick,0.011125852,Saved,Free Kick,Normal,Right Foot,,,,,,3.0,9.480420330910038,0.0,28.230776386857098,3.0695416173604144,1
419bacaf-e136-4583-9d03-aa057311fb8e,3930168,Hungary,Barnabás Varga,25,20,1,120.0,34.2,From Free Kick,0.016573403,Wayward,Open Play,Half Volley,Left Foot,True,,,,,0.0,6.190434792747667,0.0,3.697467271451755,-1.262846191534294,1
d23d8454-383d-4119-8b9a-667e550cc7fc,3930168,Germany,İlkay Gündoğan,26,42,1,103.4,42.8,From Free Kick,0.07659019,Blocked,Open Play,Half Volley,Left Foot,,,,,,0.0,0.8244684471066251,2.0,12.652274207773322,4.037807849831324,1
f7aef2e3-79fb-4a82-bccf-bea527204e88,3930168,Hungary,Dominik Szoboszlai,28,28,1,107.1,32.0,Regular Play,0.062200293,Blocked,Open Play,Half Volley,Left Foot,,,,,,0.0,2.0309308609448657,2.0,11.842760765446233,2.535636462661529,1
f58f0cd0-f674-4e39-bbd8-c62e01281822,3930168,Hungary,Bendegúz Bolla,29,3,1,99.3,51.3,From Corner,0.02690711,Blocked,Open Play,Half Volley,Right Foot,True,,,,,3.0,8.95882980062888,0.0,21.31794428384723,1.4733052379562679,1
6b5c036a-f52b-4295-ad30-08bd2358f198,3930168,Germany,Maximilian Mittelstädt,36,28,1,98.4,43.3,From Corner,0.035652474,Blocked,Open Play,Volley,Right Foot,True,,,,,3.0,4.022558612046943,1.0,19.78515051941762,1.9578548141980292,1
6523d3d1-783a-4d9e-a2bb-03e81b1e4725,3930168,Germany,Florian Wirtz,41,4,1,97.9,58.4,From Corner,0.009146902,Off T,Open Play,Normal,Right Foot,,,,,True,1.0,0.9006485212270339,1.0,25.28774900701509,2.800673215777806,1
751f6f19-0ba0-467e-8372-5b2620538734,3930168,Germany,Jamal Musiala,43,49,1,102.8,49.0,Regular Play,0.057380453,Off T,Open Play,Normal,Right Foot,,,,,True,0.0,0.5656628780793881,3.0,15.0272222638521,3.419222613600496,1
a34250c1-e625-4bba-9fbf-75adb9fe27ea,3930168,Germany,Antonio Rüdiger,45,55,2,90.2,56.9,Regular Play,0.007015708,Blocked,Open Play,Normal,Right Foot,,,,,,0.0,7.153309151244144,0.0,,,1
6eb88fcd-b301-4e37-8926-1ebc915d9eea,3930168,Germany,Toni Kroos,54,13,2,99.5,44.2,Regular Play,0.05673947,Saved,Open Play,Half Volley,Right Foot,True,,,,,0.0,6.777587490003971,0.0,16.572104540904306,4.222049254576135,1
862f09a8-c465-43fb-8518-6294a19f4a36,3930168,Hungary,Dominik Szoboszlai,57,51,2,100.1,56.9,From Throw In,0.016451184,Wayward,Open Play,Half Volley,Right Foot,,,,,,1.0,3.3075950979613933,1.0,22.569183242194335,2.343269027995433,1
dbb5b319-3927-4573-9d3f-2e482967798e,3930168,Hungary,Roland Sallai,57,51,2,107.7,39.4,From Throw In,0.08636546,Off T,Open Play,Half Volley,Right Foot,True,,,,True,0.0,1.3559917713226897,1.0,10.43023995555483,2.267945719130978,1
edf6ba87-ebee-4e19-a9fc-027a8cf1f498,3930168,Hungary,Barnabás Varga,59,7,2,113.5,42.2,Regular Play,0.18803331,Off T,Open Play,Normal,Head,,,,,,0.0,1.1014686192888141,1.0,4.466416917509155,2.0619121580483437,1
c0f4da60-567e-4219-80e6-bdb88285287c,3930168,Germany,Jamal Musiala,61,14,2,96.7,35.8,Regular Play,0.0370909,Off T,Open Play,Normal,Right Foot,,,,,,2.0,1.268750240429413,2.0,21.096222684949844,2.5632670146796386,1
4c8e0016-aaff-436c-93c8-75f3f30aed64,3930168,Germany,İlkay Gündoğan,66,20,2,107.9,35.3,From Free Kick,0.2238691,Goal,Open Play,Normal,Left Foot,True,,,,,0.0,4.459124391951288,1.0,8.623482462979643,3.5446146524411404,1
b28299ce-1041-4a10-9ea7-92a3a40a2b64,3930168,Germany,Joshua Kimmich,68,49,2,112.0,56.5,Regular Play,0.015231439,Off T,Open Play,Normal,Right Foot,,,,,,0.0,3.212879038411025,1.0,15.118994264318419,2.4404484182730926,1
303d8c49-f4f2-471d-bcca-f0d8c78392b9,3930168,Germany,Joshua Kimmich,73,23,2,107.3,48.4,Regular Play,0.11168318,Saved,Open Play,Normal,Left Foot,,,,,,0.0,2.741446461718749,2.0,11.767025111343434,2.800197181953706,1
360173fb-2046-4113-8161-524095ae004d,3930168,Germany,Leroy Sané,74,15,2,98.8,47.3,Regular Play,0.03144114,Saved,Open Play,Normal,Right Foot,,,,,,0.0,1.4510291978374514,4.0,18.98655635683549,3.1065869242976873,1
c62d511b-a1b1-4500-8fad-f839049ee2c7,3930168,Germany,Leroy Sané,76,43,2,88.7,42.1,From Free Kick,0.02867941,Off T,Free Kick,Normal,Left Foot,,,,,,4.0,9.586499330746971,0.0,29.496558265901626,2.0426379563335786,1
738a71f3-31c7-4c03-8cbd-05842a0d7fb6,3930168,Germany,Chris Führich,80,21,2,111.4,24.3,Regular Play,0.027013024,Off T,Open Play,Normal,Right Foot,,,,,,1.0,2.6017253265158016,1.0,12.559237440215405,2.2786978079699054,1
ea29bf15-34b3-4ec5-9b0d-f5882356ed44,3930168,Germany,Niclas Füllkrug,86,6,2,113.5,40.6,From Throw In,0.2278667,Off T,Open Play,Normal,Head,,,,True,True,0.0,0.6479278387673929,3.0,5.991717909240961,0.5417113872170773,1
cb146a5b-de9a-4c90-8802-35e451784475,3930168,Germany,Leroy Sané,87,53,2,106.4,51.1,From Counter,0.05413388,Blocked,Open Play,Normal,Left Foot,,,,,,0.0,3.1412117335795755,2.0,13.295628861984099,4.039820254289793,1
ef224392-174b-4d91-a478-a123f3fe6a59,3930168,Hungary,Willi Orban,89,12,2,112.1,38.3,From Free Kick,0.2840574,Blocked,Open Play,Half Volley,Right Foot,True,,,,,1.0,4.16973386304076,2.0,1.004238264261578,6.989886533942638,1
b066c647-8989-467f-827c-463657257920,3930165,France,Kylian Mbappé Lottin,7,58,1,109.4,25.8,From Throw In,0.08037747,Saved,Open Play,Normal,Right Foot,,,,,True,0.0,3.624803442785957,1.0,12.339961209066715,4.001287378700582,1
667466fd-ffcf-4a0d-9ad6-0034a855ca83,3930165,France,Theo Bernard François Hernández,12,29,1,115.5,26.8,From Free Kick,0.020863526,Wayward,Open Play,Normal,Left Foot,True,,,,,0.0,1.0191663976671195,1.0,8.364132409737824,2.2462482674630166,1
971faaab-1cc2-4bd4-854f-48de8093e301,3930165,France,Antoine Griezmann,18,16,1,103.8,52.8,From Counter,0.054649312,Blocked,Open Play,Normal,Left Foot,,,,,True,0.0,1.3869996280592474,3.0,15.03022812427753,4.610188670508535,1
b6d0a23f-797b-478e-9798-d592c5ec53f2,3930165,France,Marcus Thuram,18,54,1,115.3,47.9,From Corner,0.06899431,Wayward,Open Play,Normal,Head,,,,True,True,0.0,1.0809285613338702,4.0,8.14901218996168,0.11587607386891818,1
33f21ed0-b05e-4a3f-b0dd-e3426bec1c7d,3930165,France,Kylian Mbappé Lottin,32,32,1,103.5,28.8,Regular Play,0.048833035,Blocked,Open Play,Normal,Right Foot,,,,,,,,,,,0
ce4b7233-0517-4daf-82b9-1266de7ddafb,3930165,Austria,Christoph Baumgartner,35,7,1,111.3,38.4,Regular Play,0.47129205,Saved,Open Play,Half Volley,Right Foot,True,,,,,0.0,3.662497602375889,1.0,2.66148622881945,6.176805723723163,1
8f7f0616-1941-4819-8b02-559320db6c0e,3930165,Austria,Kevin Danso,41,32,1,108.8,36.7,From Corner,0.037411693,Wayward,Open Play,Normal,Head,,,,,,1.0,1.297406849928024,4.0,10.498244370597337,1.2106614864050584,1
54acbfd8-93e9-4483-9d72-cb92c1dd58dc,3930165,Austria,Stefan Posch,47,41,2,95.2,54.1,From Throw In,0.021681927,Off T,Open Play,Normal,Right Foot,,,,,,1.0,5.022960453991343,0.0,25.200427668627746,2.6401577767681204,1
3ef621e3-c272-4f59-9d0e-1fb32a8906eb,3930165,France,Kylian Mbappé Lottin,54,33,2,103.9,37.9,From Counter,0.40426746,Off T,Open Play,Normal,Right Foot,,,,,True,0.0,2.1894656768591294,1.0,6.929793601714922,9.184434583330258,1
be0e3436-3447-4b94-9659-549d31afb9bf,3930165,France,Ousmane Dembélé,63,44,2,101.6,58.4,From Throw In,0.01604397,Off T,Open Play,Normal,Left Foot,,,,,,1.0,3.2004053450283045,1.0,23.70280491616989,1.842939554674814,1
fc7ff06c-b85a-4528-8b84-5c528da64404,3930165,France,Antoine Griezmann,65,51,2,114.1,41.1,Regular Play,0.6972375,Wayward,Open Play,Half Volley,Right Foot,True,,True,,,0.0,1.0519111676539958,1.0,6.121850871597422,2.540398579909464,1
428e1278-a347-4877-8f8b-cab1ab874b62,3930165,France,Jules Koundé,65,57,2,106.4,48.3,Regular Play,0.07075118,Blocked,Open Play,Normal,Right Foot,True,,,,,4.0,8.138725424987689,0.0,12.983899133184568,2.0436047197777043,1
90dbef46-efe0-447c-92e7-8117a558edf1,3930165,France,Marcus Thuram,66,53,2,111.7,52.9,Regular Play,0.07894939,Saved,Open Play,Normal,Right Foot,True,,,,,0.0,3.2958090043011667,1.0,10.60829524199291,3.073013111906562,1
1498fc7d-1169-4351-aebc-41ae86bdecc8,3930165,France,Marcus Thuram,72,16,2,103.4,28.8,From Throw In,0.04839009,Off T,Open Play,Normal,Right Foot,,,,,,1.0,1.3388663632001432,3.0,14.97226668364823,4.4713837544378805,1
dc6f8ff1-b812-44c9-9dc1-dbb045897f9e,3930165,Austria,Christoph Baumgartner,77,52,2,113.9,50.8,From Free Kick,0.1976641,Saved,Open Play,Normal,Right Foot,True,,,,,0.0,7.216752865585632,0.0,3.716569250556183,3.7159462726566233,1
0c13aa93-26f8-4d1f-9af6-c507bc23d1ac,3930165,France,Marcus Thuram,82,8,2,108.1,33.2,Regular Play,0.19990508,Saved,Open Play,Normal,Left Foot,True,,,,True,0.0,1.3593567326796423,2.0,10.017106969454769,2.431526770778561,1
31dd94a8-d847-4bdd-93c4-4ca10880a7cf,3930165,France,Kylian Mbappé Lottin,84,32,2,111.9,40.2,From Free Kick,0.080690145,Blocked,Open Play,Normal,Head,,,,True,True,0.0,0.7719543246817759,4.0,6.76904495664536,1.49125718993335,1
156350df-7127-4aed-a941-1c3095635cb7,3930165,Austria,Patrick Wimmer,91,11,2,111.8,53.1,From Throw In,0.020267555,Saved,Open Play,Normal,Head,,,,True,True,0.0,0.6099450589145471,4.0,12.164123087149886,1.8345634095183811,1
4e14b216-bd8b-47bb-a2dc-5e3859e83514,3930165,France,Marcus Thuram,94,35,2,101.2,26.4,From Free Kick,0.034579307,Blocked,Open Play,Normal,Right Foot,,,,,,1.0,0.9226543095374804,1.0,19.02283400826966,3.314541651410309,1
05b0a515-ca52-4e8b-8342-d9beadc16cec,3930164,Belgium,Kevin De Bruyne,2,12,1,107.4,41.5,Regular Play,0.14977165,Wayward,Open Play,Half Volley,Left Foot,True,,,,,1.0,2.0078023561450724,2.0,10.487161683532776,2.115367666291732,1
eff65b26-2c8d-47e7-9267-376b259b46d4,3930164,Belgium,Romelu Lukaku Menama,2,13,1,114.4,38.1,Regular Play,0.54738164,Saved,Open Play,Half Volley,Right Foot,,True,,,True,0.0,2.378473577505781,2.0,3.9856072623856353,1.9539003307300504,1
4eeb81a5-36d8-4e73-87a0-c57dfe8b1f60,3930164,Slovakia,Juraj Kucka,6,3,1,105.4,32.4,Regular Play,0.16258486,Saved,Open Play,Normal,Right Foot,True,,,,,0.0,2.7722053328840865,1.0,12.587276333791998,3.263369273599352,1
58d2164c-49cd-4096-b09d-60e8e2f616a6,3930164,Slovakia,Ivan Schranz,6,5,1,116.3,28.9,Regular Play,0.06667144,Goal,Open Play,Volley,Right Foot,True,,,,,0.0,7.8379943484745525,0.0,7.663135929717255,2.1856064681445844,1
1e1b7aee-6b08-4617-8e21-d3950823af79,3930164,Belgium,Jeremy Doku,15,1,1,106.4,57.6,From Keeper,0.027797548,Blocked,Open Play,Normal,Left Foot,,,,,True,1.0,1.113750404024318,3.0,19.130162608843563,1.9024151208584215,1
a3f19f54-8dd6-42fe-a94b-919a5b925257,3930164,Belgium,Leandro Trossard,20,6,1,91.7,24.9,Regular Play,0.028659014,Off T,Open Play,Half Volley,Right Foot,,,,,,0.0,6.084155662999401,0.0,14.512255309967035,14.883012954929782,1
59cb2784-b885-4f51-bf18-4607f465a3a4,3930164,Slovakia,Róbert Boženík,22,34,1,102.7,49.3,Regular Play,0.04691546,Blocked,Open Play,Half Volley,Right Foot,,,,,True,0.0,0.4739044853885948,1.0,16.030488444845876,2.664097708068212,1
e02912bb-6ae5-4089-83f3-42e7ea0c688c,3930164,Slovakia,Róbert Boženík,30,37,1,99.8,38.5,From Throw In,0.064620696,Saved,Open Play,Normal,Right Foot,,,,,,0.0,3.4635640533679983,2.0,17.929090217209673,2.426272233660825,1
03834cc6-2e6c-4263-b14a-0ce278587324,3930164,Belgium,Leandro Trossard,31,57,1,99.4,31.0,From Keeper,0.039659355,Blocked,Open Play,Normal,Right Foot,,,,,True,0.0,2.338568298806079,2.0,19.92144391704468,2.1671482679309975,1
1c29706d-0ce7-4a9a-8278-8fd8176c61d9,3930164,Belgium,Amadou Onana,35,15,1,112.7,41.8,From Corner,0.11087667,Saved,Open Play,Normal,Head,,,,True,True,1.0,0.6450235608283971,4.0,7.072319573109099,1.045563687120918,1
854190e1-b9fe-4edb-affa-5530998a7606,3930164,Slovakia,Lukáš Haraslín,39,19,1,103.8,38.0,Regular Play,0.100932,Saved,Open Play,Volley,Right Foot,True,,,,,1.0,5.407614063740517,0.0,14.507060158386778,2.182086420757898,1
9a0340b9-1fb2-4d6a-854b-7842c22f2203,3930164,Slovakia,Juraj Kucka,47,23,1,115.7,49.2,From Corner,0.06432098,Off T,Open Play,Normal,Head,,,,,,0.0,0.614234614506509,3.0,5.797038382725241,1.7760187439547224,1
968c21ee-28ec-4bf7-9e35-7e097c77273e,3930164,Slovakia,Lukáš Haraslín,46,42,2,100.0,24.7,Regular Play,0.02820586,Off T,Open Play,Normal,Right Foot,,,,,,0.0,1.4301423646293911,2.0,21.157895230503605,2.889921618596958,1
ae0316bf-02b8-49ce-add6-bcc9b402222c,3930164,Slovakia,Denis Vavro,51,25,2,79.8,40.3,From Throw In,0.0061508114,Off T,Open Play,Normal,Right Foot,,,,,,1.0,1.9314977242598403,1.0,36.96881903492526,3.2578795816914266,1
f62a9f24-08b0-40a5-b1df-7c462ac0b0dc,3930164,Belgium,Romelu Lukaku Menama,54,56,2,110.7,53.2,From Throw In,0.09231648,Saved,Open Play,Normal,Right Foot,,,,,,0.0,2.078725609864444,2.0,12.055670743610282,1.394876139134567,1
febeb438-02b5-43a1-bc48-79e181575161,3930164,Belgium,Leandro Trossard,58,21,2,99.9,47.5,Regular Play,0.09907409,Saved,Open Play,Normal,Right Foot,,,,,True,0.0,1.287625390397943,3.0,17.663666962369735,3.2983993480219738,1
69734398-a5a1-44bc-b3f8-e65734e25508,3930164,Belgium,Yannick Ferreira Carrasco,60,35,2,109.8,39.3,From Corner,0.10049267,Blocked,Open Play,Volley,Left Foot,True,,,,True,1.0,2.525486230868869,3.0,8.037807682844926,2.1858450744562106,1
ad7c4d1c-6874-4550-9b1d-0d1a89f7b7d6,3930164,Belgium,Romelu Lukaku Menama,60,59,2,114.8,49.2,Regular Play,0.08940556,Off T,Open Play,Volley,Right Foot,True,,,,,,,,,,0
6550ee25-5f02-4e05-80a2-f8384556f21b,3930164,Belgium,Johan Bakayoko,61,49,2,110.9,40.0,Regular Play,0.195297,Blocked,Open Play,Half Volley,Left Foot,,,,,True,2.0,1.9077863040729426,2.0,4.674900844814536,4.972698800741597,1
f0924002-6d9c-4a03-8854-07de301d15db,3930164,Belgium,Kevin De Bruyne,66,17,2,99.7,51.7,Regular Play,0.03400005,Blocked,Open Play,Normal,Right Foot,True,,,,,2.0,5.250642376917036,0.0,21.385642165962715,1.3036449946716573,1
3cd76627-0808-472c-be3a-a937efc245e7,3930164,Slovakia,David Strelec,75,59,2,111.6,44.8,From Free Kick,0.12313379,Blocked,Open Play,Backheel,Right Foot,True,,,,True,0.0,0.7382499864573374,1.0,7.056471515397463,1.88923659919989,1
e316ce57-9236-4d06-b5d8-330f872f9faf,3930164,Slovakia,Juraj Kucka,77,52,2,97.5,49.6,From Throw In,0.047570586,Off T,Open Play,Normal,Left Foot,,,,,,1.0,4.023212663438475,2.0,21.532481829998968,2.745893173201921,1
39a04c59-55c0-458a-9681-8e0227fe866c,3930164,Belgium,Yannick Ferreira Carrasco,79,19,2,98.6,35.1,From Throw In,0.046634816,Blocked,Open Play,Normal,Right Foot,,,,,,0.0,2.6288499433965713,1.0,19.906666142446632,2.056939606553982,1
6889e93d-86a3-4429-8112-7c860a9ca2f4,3930164,Belgium,Amadou Onana,79,55,2,108.7,35.8,From Corner,0.034820676,Off T,Open Play,Normal,Head,,,,True,True,1.0,1.8253806659336294,3.0,11.180028168180796,1.1958800490963455,1
6b37a884-afd7-427e-83a5-858b5e8391c0,3930164,Belgium,Johan Bakayoko,90,43,2,100.3,47.6,From Corner,0.030715866,Off T,Open Play,Half Volley,Left Foot,,,,,True,4.0,2.7053865204115444,1.0,19.92042621814038,1.07977471307683,1
5bfe56dd-9700-4cb5-a9d3-9e8c7b3151ae,3930164,Belgium,Kevin De Bruyne,92,46,2,109.4,52.0,Regular Play,0.123351954,Saved,Open Play,Normal,Right Foot,,,,,True,,,,,,0
eac41127-be22-464b-8635-56d11ae838c5,3930161,Albania,Nedim Bajrami,0,23,1,111.8,51.9,From Throw In,0.08619496,Goal,Open Play,Normal,Right Foot,,,,,,0.0,1.3719306329324286,1.0,9.848039766938985,2.1943823058929866,1
00b2c1b1-fa28-41ea-8130-8d69766ed445,3930161,Italy,Lorenzo Pellegrini,1,55,1,105.9,42.6,From Kick Off,0.20114782,Off T,Open Play,Normal,Right Foot,True,,,,,1.0,5.35204483645653,0.0,11.474793089416151,2.6557643710998633,1
e13e971e-fc79-444c-8bbc-c212115b57e7,3930161,Italy,Federico Chiesa,5,53,1,111.0,57.1,From Throw In,0.015626727,Blocked,Open Play,Normal,Left Foot,,,,,,0.0,2.866610975776166,1.0,15.777059239648157,1.5263787735660514,1
b34eaa44-44d2-472f-88f2-15a258b19ec0,3930161,Albania,Jasir Asani,7,18,1,106.8,57.6,From Goal Kick,0.014936902,Blocked,Open Play,Normal,Left Foot,,,,,,0.0,1.5413609199974205,2.0,17.623518145377187,2.9629385814738924,1
6d420479-b2bc-4af3-ab76-db240a7f8d99,3930161,Albania,Berat Djimsiti,8,45,1,103.5,35.1,From Corner,0.05804902,Wayward,Open Play,Half Volley,Left Foot,True,,,,,0.0,3.195415271038863,1.0,14.102455813979981,2.9773096008920135,1
9083f985-ae6a-4305-bece-fbc762aeddf5,3930161,Italy,Federico Dimarco,9,38,1,105.2,23.6,From Free Kick,0.015797285,Blocked,Open Play,Normal,Left Foot,,,,,,1.0,1.1456118095631358,3.0,17.516875554316556,2.7472984876192754,1
97306d58-11f5-4f7a-95c5-3089f7f95ef8,3930161,Italy,Alessandro Bastoni,10,15,1,117.6,45.7,From Corner,0.1377708,Goal,Open Play,Normal,Head,,True,,,,0.0,1.0475997077331751,2.0,6.398880629363405,0.9982201968117437,1
89d02b85-8bd7-4b5c-b71f-2cee0560cf68,3930161,Italy,Gianluca Scamacca,15,50,1,104.8,50.9,From Throw In,0.05321112,Blocked,Open Play,Normal,Right Foot,,,,,,2.0,1.3965052728426794,2.0,14.985672092956897,2.975237312791762,1
c9afe417-f2eb-4e53-905a-77a209c5ff19,3930161,Italy,Nicolò Barella,15,52,1,100.8,36.7,From Throw In,0.0846303,Goal,Open Play,Half Volley,Right Foot,True,,,,,1.0,8.828417801188033,0.0,16.470553765611275,2.8882357016265843,1
1cbb629e-0122-42e7-b437-a429b89c0e8f,3930161,Italy,Riccardo Calafiori,20,32,1,115.6,39.0,From Corner,0.1803363,Blocked,Open Play,Normal,Head,,,,True,True,0.0,0.7761122787412575,3.0,0.897290908275363,3.819014464256398,1
ebb8a389-8846-4fa3-bc3b-aee579f56383,3930161,Italy,Federico Chiesa,20,35,1,95.4,34.3,From Corner,0.027081154,Blocked,Open Play,Half Volley,Right Foot,True,,,,True,2.0,0.972623284748728,1.0,21.798345571050493,3.24813647485702,1
9dd380f6-29ce-4457-8978-74b94911e88d,3930161,Italy,Lorenzo Pellegrini,30,17,1,112.8,31.8,Regular Play,0.050647445,Wayward,Open Play,Overhead Kick,Right Foot,True,,,,True,0.0,0.21683009008454734,2.0,7.429403515642399,2.541551092850142,1
ce093b4a-bd01-4b9d-9b61-ee4f5ee84e48,3930161,Italy,Davide Frattesi,32,54,1,113.1,50.5,From Throw In,0.21950644,Saved to Post,Open Play,Normal,Right Foot,True,,,,,0.0,0.7613405299489626,1.0,3.649569176886548,4.975418198059955,1
a197ee20-0248-458a-b20e-7001eb7d8bf2,3930161,Italy,Gianluca Scamacca,39,18,1,114.8,50.6,From Throw In,0.08583342,Saved,Open Play,Half Volley,Right Foot,,True,,,,0.0,2.4829316459556834,3.0,4.974732276225402,3.7343050622785654,1
7d92e2c5-1856-4b09-b78c-609ccf7761d2,3930161,Italy,Riccardo Calafiori,40,1,1,112.8,39.8,From Corner,0.10085189,Blocked,Open Play,Normal,Head,,,,True,True,1.0,0.5616924826724478,5.0,6.075913875123838,1.200816251865234,1
634d89d7-f66b-48ac-950f-9dee609fc2ef,3930161,Albania,Jasir Asani,43,49,1,93.3,50.5,From Free Kick,0.023186801,Off T,Open Play,Normal,Left Foot,,,,,True,0.0,1.0189598327093092,1.0,25.485414656415905,3.5331683341506306,1
58bf5de2-94cc-4dc1-be97-528eaa3f5fa2,3930161,Italy,Lorenzo Pellegrini,46,15,1,109.0,36.9,From Throw In,0.11972189,Off T,Open Play,Normal,Other,,,,,,0.0,2.5485694885281043,2.0,8.998246615701264,2.565133373243256,1
7f483611-9d16-4086-adc2-a0e7478e8798,3930161,Italy,Gianluca Scamacca,47,38,2,97.7,44.6,Regular Play,0.03734544,Blocked,Open Play,Half Volley,Right Foot,True,,,,,2.0,1.8838562783698865,1.0,18.640904245557532,3.8616257613858096,1
320d09bc-f6cd-4421-879e-53dea8d7f36f,3930161,Albania,Kristjan Asllani,51,43,2,92.6,22.7,From Free Kick,0.008601317,Blocked,Free Kick,Normal,Right Foot,,,,,,3.0,10.232315972158373,0.0,30.798519522468165,1.850917580954615,1
d91c3b47-9a45-4e14-8d8a-2a3c56fe03ce,3930161,Italy,Federico Chiesa,59,3,2,101.6,52.7,From Throw In,0.03460156,Off T,Open Play,Normal,Left Foot,,,,,,2.0,3.9189142435792665,1.0,18.715963978839017,2.9352274780558787,1
7da9870c-6faf-48ec-9015-87cf7a09dc1a,3930161,Italy,Giovanni Di Lorenzo,66,7,2,116.2,31.1,From Corner,0.07586851,Blocked,Open Play,Normal,Head,,,,,,0.0,1.4498173107817667,1.0,9.914177326729124,2.046600194677964,1
6bcd9ced-9652-422d-9639-67c892683d68,3930161,Albania,Kristjan Asllani,68,54,2,97.3,43.8,From Corner,0.028912615,Off T,Open Play,Volley,Left Foot,True,,,,,3.0,6.224718207252905,0.0,16.16418579739461,6.546774112259598,1
9aad1dbe-678c-4031-a301-8be0ca610337,3930161,Italy,Federico Dimarco,79,10,2,95.3,22.5,Regular Play,0.009818552,Saved,Open Play,Normal,Left Foot,,,,,,0.0,2.899298688158182,1.0,23.86691232357532,6.835104445653684,1
de9647ce-a923-4fe9-bad4-291e22d60ffe,3930161,Albania,Rey Manaj,89,35,2,114.6,51.8,Regular Play,0.104034275,Saved,Open Play,Lob,Right Foot,,True,,,True,0.0,1.985669409781357,1.0,3.1562394583483053,4.559219946937418,1
2faf8da2-81ae-462c-9445-f83b8cbb3273,3930161,Albania,Mario Mitaj,94,59,2,100.7,25.2,Regular Play,0.030680664,Off T,Open Play,Normal,Left Foot,True,,,,,1.0,5.481878812096703,0.0,21.16290658393862,2.273274868329821,1
a1ccc1e5-9f8a-4df7-825d-520d89bac314,3930183,Slovakia,Juraj Kucka,0,11,1,99.2,37.7,From Kick Off,0.042125423,Blocked,Open Play,Half Volley,Right Foot,True,,,,True,0.0,2.496216527179927,1.0,16.518226808143872,4.406133315011232,1
0f30124f-10e5-493e-8843-c386e4a4d2d4,3930183,Slovakia,Peter Pekarík,0,13,1,94.7,52.1,From Kick Off,0.018847207,Wayward,Open Play,Half Volley,Right Foot,True,,,,,1.0,5.1045604514705065,0.0,24.704925584152033,3.0292246151908557,1
88f42a02-cfc6-4ffb-ab14-c9f9b3e0a16b,3930183,Slovakia,David Strelec,0,14,1,105.8,41.1,From Kick Off,0.16629212,Wayward,Open Play,Volley,Left Foot,True,,,,,0.0,1.5780236907251652,1.0,10.659742487326444,3.5548804814053483,1
9d178335-e1c9-490a-b82e-17cf2f30f481,3930183,Slovakia,Juraj Kucka,8,13,1,108.5,45.8,From Corner,0.04360604,Saved,Open Play,Normal,Head,,,,,,2.0,1.493498332864983,3.0,11.331470096151818,1.2521736413239353,1
515199b6-1fcc-426e-83e5-61428520253b,3930183,Slovakia,Dávid Hancko,9,25,1,104.9,42.4,From Corner,0.061454203,Off T,Open Play,Volley,Right Foot,True,,,,,0.0,0.915004008243176,1.0,13.271625541403397,1.834700342628409,1
57ad618c-6ebd-4dda-a193-53b4d1f1b737,3930183,Romania,Andrei Florin Ratiu,10,22,1,106.4,27.8,Regular Play,0.083783165,Saved,Open Play,Normal,Right Foot,,,,,,0.0,3.1078769634047525,4.0,15.091075215781219,2.202711590557186,1
05563844-1748-4be9-9ad9-8e4bf4f8da11,3930183,Romania,Ianis Hagi,10,24,1,109.9,53.7,Regular Play,0.042076837,Off T,Open Play,Half Volley,Right Foot,True,,,,,1.0,4.860987522715865,1.0,13.228603260296941,2.036041565457168,1
398e7fa1-6570-4daf-9c9e-b231e87671fd,3930183,Romania,Răzvan Gabriel Marin,12,25,1,85.4,26.7,From Free Kick,0.007878168,Off T,Free Kick,Normal,Right Foot,,,,,,1.0,10.316967026670042,0.0,35.6563816070568,1.454357042791969,1
ab97222e-7d10-4ce9-97c3-b9ca3facdf18,3930183,Slovakia,Milan Škriniar,21,30,1,112.3,37.0,From Free Kick,0.12854967,Off T,Open Play,Normal,Other,,,,,,0.0,2.9639540642636604,4.0,6.474448119005799,2.5875054047955075,1
1ae40384-00da-4560-9fba-3a5505ad611a,3930183,Romania,Nicolae Claudiu Stanciu,22,55,1,97.0,22.1,From Throw In,0.010006143,Saved,Open Play,Normal,Right Foot,,,,,,1.0,3.9447884094796843,2.0,26.66191000166399,1.9187059172810166,1
46149c68-2e4a-4150-b186-a0d0badde278,3930183,Slovakia,Ondrej Duda,23,43,1,111.2,35.7,From Keeper,0.10944717,Goal,Open Play,Normal,Head,,,,,,0.0,1.3275659449692045,2.0,7.926755208583368,3.2234657302613385,1
eae39d77-92b5-4f5d-9d27-dc805f283fd5,3930183,Slovakia,David Strelec,30,41,1,109.3,44.5,From Throw In,0.087866805,Off T,Open Play,Half Volley,Left Foot,True,,,,True,1.0,1.6457513831981276,1.0,8.289802957120479,2.669225436208748,1
a528122c-b421-4b6b-a8de-e4a3c46cd188,3930183,Romania,Andrei Florin Ratiu,32,48,1,94.0,43.4,Regular Play,0.03746017,Saved,Open Play,Normal,Right Foot,,,,,,0.0,5.043696547720881,0.0,23.884025831774746,2.504204376341079,1
30c1019c-ca01-4c79-8612-6dbb8538fecb,3930183,Romania,Răzvan Gabriel Marin,36,18,1,108.1,40.1,Other,0.7835,Goal,Penalty,Normal,Right Foot,,,,,,0.0,9.305656055338236,0.0,11.451723103781237,0.4497432508803172,1
6ff86c5e-4c15-4f6f-8b7a-78a34e8b3daf,3930183,Romania,Denis Mihai Drăguş,42,21,1,102.7,30.5,From Counter,0.045624558,Off T,Open Play,Normal,Right Foot,,,,,,1.0,1.7870675674907004,2.0,16.509018662978878,2.500192254559977,1
359e7650-5705-43ab-9d7a-799270d09c2d,3930183,Slovakia,David Strelec,43,19,1,87.6,38.5,From Goal Kick,0.016442684,Off T,Open Play,Half Volley,Left Foot,,,,,,0.0,3.380169550566333,3.0,,,1
9f1119a3-36a8-44ca-9a28-f596cdd8b668,3930183,Slovakia,Lukáš Haraslín,51,22,2,116.4,26.9,Regular Play,0.012604465,Saved,Open Play,Normal,Right Foot,,,,,,0.0,3.946165626109471,1.0,10.0707814986478,1.1706039681137952,1
16c8bd1a-8065-4145-b073-c6d03ae3cd07,3930183,Romania,Răzvan Gabriel Marin,60,8,2,101.6,49.2,Regular Play,0.052743744,Saved,Open Play,Normal,Right Foot,,,,,,1.0,2.0044273886946806,2.0,17.164857205954124,2.439946274819377,1
4900afbc-93fe-444b-b01f-2f87ab9e9f43,3930183,Romania,Denis Mihai Drăguş,60,18,2,104.3,26.3,Regular Play,0.058865298,Off T,Open Play,Normal,Right Foot,,,,,,0.0,1.723046655519489,4.0,18.17058810235019,1.840993419505537,1
f318c92d-dc49-4757-aa0b-c2dbf2361cce,3930183,Slovakia,David Strelec,63,20,2,103.7,41.8,From Free Kick,0.114570245,Saved,Open Play,Normal,Left Foot,,,,,,1.0,1.7062384730972036,3.0,12.525892712784248,3.9138882899581233,1
01cc1c87-ecd7-4aca-a2bc-daf51aacc090,3930183,Slovakia,Lukáš Haraslín,64,45,2,105.1,23.6,From Throw In,0.036418177,Off T,Open Play,Normal,Right Foot,,,,,,0.0,1.1258246718489453,2.0,18.17785301691999,2.54607379602038,1
c957afbe-accb-4f43-80cc-e5a9cfdc5407,3930183,Slovakia,Denis Vavro,75,7,2,84.5,53.0,From Throw In,0.006518632,Off T,Open Play,Normal,Right Foot,,,,,,0.0,3.4641361881740513,1.0,35.923667879888306,1.6953779072219817,1
35235060-e5aa-48bc-9a1a-9d50934f03ba,3930175,Belgium,Youri Tielemans,1,14,1,100.4,44.1,Regular Play,0.056764796,Goal,Open Play,Normal,Right Foot,True,,,,True,3.0,1.0408060024098513,1.0,16.59653394291378,3.136011374582438,1
8082f5c7-4a6d-40e4-9fe0-b90df9cfc8e4,3930175,Romania,Răzvan Gabriel Marin,2,38,1,93.6,55.2,Regular Play,0.020378055,Off T,Open Play,Normal,Right Foot,,,,,,0.0,6.77640377699447,0.0,26.853890654635368,2.875982401623233,1
eb3761d3-7161-4fb7-ba41-5277c23e8389,3930175,Romania,Radu Drăgușin,4,1,1,112.5,41.9,From Corner,0.10383942,Saved,Open Play,Normal,Head,,,,,,0.0,1.5085965594683226,4.0,6.069693483633242,1.8713733942643387,1
0ed1264a-2027-4d4a-a0b5-5496c2ab6c92,3930175,Belgium,Youri Tielemans,10,57,1,97.9,35.9,Regular Play,0.041907914,Blocked,Open Play,Normal,Right Foot,True,,,,,2.0,3.7422188762414095,1.0,19.86835173902508,2.420732644110359,1
4a066b8f-439d-477c-bf43-b852dff8b9cc,3930175,Belgium,Romelu Lukaku Menama,12,59,1,109.4,38.9,From Throw In,0.1279859,Blocked,Open Play,Normal,Right Foot,,,,,True,0.0,2.36993720217721,2.0,6.5031216625755,4.242395429777446,1
67243ab4-f200-42ee-9c7c-f873143226b7,3930175,Belgium,Amadou Onana,17,18,1,95.2,41.2,From Throw In,0.021880424,Wayward,Open Play,Half Volley,Right Foot,True,,,,,1.0,6.973496083413672,0.0,21.767239235716673,3.0379656148038094,1
f01f98bd-3726-43bf-bbe2-5fc1d2887a7a,3930175,Belgium,Dodi Lukebakio,17,57,1,105.6,47.5,Regular Play,0.078508794,Saved,Open Play,Normal,Left Foot,,,,,,1.0,1.6170619778063304,3.0,12.375803670409939,3.268378001787724,1
e515ec98-1415-4d47-bd80-83ab19514e98,3930175,Belgium,Jan Vertonghen,18,29,1,109.5,34.6,From Corner,0.104912855,Off T,Open Play,Normal,Left Foot,True,,,,True,0.0,1.7270837836655675,2.0,9.721839351606901,1.1755030111025349,1
54edc1e3-f80e-471e-aa73-47b720a3b6ff,3930175,Romania,Valentin Mihai Mihăilă,20,44,1,96.8,36.4,From Corner,0.036989477,Off T,Open Play,Normal,Right Foot,True,,,,,1.0,4.217250958471932,2.0,21.941453746287113,1.5530698046941325,1
aa5332ea-f122-4933-acb6-b16e83e98ed1,3930175,Romania,Valentin Mihai Mihăilă,23,45,1,99.7,27.7,From Keeper,0.030926589,Blocked,Open Play,Normal,Right Foot,,,,,True,1.0,1.739680572694431,4.0,19.64453685945121,3.2160942695134622,1
6ebadda3-baaa-4564-b9e6-dbdd517b5889,3930175,Belgium,Jeremy Doku,30,15,1,116.0,27.9,From Corner,0.021825416,Saved,Open Play,Normal,Left Foot,,True,,,True,0.0,0.5977943366372028,3.0,9.492159070415054,0.31114784791326144,1
a61bddd6-ff99-4739-895f-00e76522c773,3930175,Belgium,Dodi Lukebakio,30,17,1,114.9,25.6,From Corner,0.012732397,Blocked,Open Play,Volley,Left Foot,True,,,,,1.0,2.9015617912965808,2.0,11.096798708397142,0.6446116042293113,1
265d1d1f-3eb8-485e-b37f-dc93ac3424f2,3930175,Belgium,Dodi Lukebakio,32,57,1,103.5,54.0,Regular Play,0.031616453,Blocked,Open Play,Normal,Left Foot,,,,,,0.0,2.0919963114249414,2.0,17.238152264767667,3.5863931020916198,1
e6172fc2-b291-468d-9709-3cb6226195ae,3930175,Romania,Dennis Man,36,4,1,102.7,54.8,From Throw In,0.033510946,Saved,Open Play,Normal,Left Foot,,,,,,1.0,1.3844989474225977,3.0,19.510457940073504,2.600076647457925,1
70e57b24-26db-4279-8d22-855f65a4bbd6,3930175,Belgium,Kevin De Bruyne,42,6,1,103.1,52.4,Regular Play,0.09735306,Saved,Open Play,Normal,Right Foot,,,,,,0.0,1.8822611064883459,3.0,14.447169712449458,4.734019383555022,1
a90b7c13-32ee-4651-96c5-da14d64c5151,3930175,Romania,Andrei Burcă Andonie,44,53,1,112.0,41.3,From Corner,0.11149162,Off T,Open Play,Normal,Head,,,,True,True,0.0,0.8713713458561421,4.0,5.9438932836713905,2.2901579116144433,1
c90e3049-a6e5-4527-a246-cad5c03cd177,3930175,Romania,Dennis Man,45,44,2,95.8,55.5,From Kick Off,0.021334786,Saved,Open Play,Normal,Left Foot,,,,,,1.0,3.0545750668248814,1.0,24.988771718708193,2.6411639697572014,1
384da43a-3b01-46d7-9173-96786519f43b,3930175,Romania,Valentin Mihai Mihăilă,47,20,2,106.3,28.4,From Throw In,0.11731382,Off T,Open Play,Normal,Left Foot,,,,,True,1.0,0.7742000988260717,1.0,12.676731373504738,3.050262529260067,1
c65ac58d-579d-464d-99b8-43bb8cc5fcea,3930175,Belgium,Kevin De Bruyne,51,38,2,100.1,24.4,From Throw In,0.025796724,Off T,Open Play,Normal,Right Foot,,,,,True,0.0,1.6807336060955864,3.0,21.98265613014384,2.536587524711905,1
7c7418d0-5855-4b06-a2f3-dd99cf9654f9,3930175,Belgium,Kevin De Bruyne,54,43,2,101.0,40.8,Regular Play,0.13007036,Saved,Open Play,Normal,Right Foot,,,,,True,0.0,1.2385596538234664,3.0,15.150996271445313,3.880361868552569,1
61272d7a-cac4-4100-8a75-51f57cb49f54,3930175,Romania,Valentin Mihai Mihăilă,56,14,2,97.2,31.6,From Throw In,0.039179783,Off T,Open Play,Half Volley,Right Foot,,,,,True,0.0,2.0230749054826993,2.0,20.68042624677796,3.3187755341149767,1
794135e3-dd45-4eba-996e-7f899887e472,3930175,Belgium,Romelu Lukaku Menama,57,16,2,105.7,50.3,From Goal Kick,0.072152875,Blocked,Open Play,Normal,Right Foot,True,,,,,2.0,6.344361643467188,0.0,15.62712318655974,0.7984557827796266,1
88712332-3d77-4c64-ab47-d17cbc9913f7,3930175,Belgium,Romelu Lukaku Menama,58,2,2,111.0,45.3,From Free Kick,0.16418488,Saved,Open Play,Half Volley,Right Foot,True,,,,True,0.0,1.2127873738107318,4.0,7.17129501593535,2.4232684557519235,1
56e739cd-6756-4459-a31b-0b523a397c10,3930175,Belgium,Jeremy Doku,62,3,2,110.6,27.2,Regular Play,0.11017092,Off T,Open Play,Normal,Left Foot,,,,,True,0.0,0.8926493506244653,2.0,10.620730472824603,3.114111764516508,1
e6c6fb5a-b60c-4c95-911f-b0f1c381d3dd,3930175,Belgium,Romelu Lukaku Menama,65,40,2,109.0,43.5,From Free Kick,0.20404467,Saved,Open Play,Normal,Right Foot,,,,,,0.0,2.124034277648798,1.0,8.474146528509335,3.491746699114259,1
18de48bf-66b3-48e7-b09f-4c304aab5244,3930175,Belgium,Kevin De Bruyne,66,31,2,94.3,30.6,From Throw In,0.025171522,Off T,Open Play,Normal,Right Foot,,,,,,2.0,3.8653012290802713,1.0,24.365079318770686,2.836352420775711,1
accae9be-bc9f-42a7-b15b-3662b3230314,3930175,Romania,Dennis Man,67,41,2,107.2,46.5,From Goal Kick,0.32217968,Saved,Open Play,Normal,Right Foot,,,,,True,,,,,,0
d0668078-f9e1-4a46-ae22-cef994849c8f,3930175,Romania,Răzvan Gabriel Marin,74,1,2,83.8,29.8,From Throw In,0.005796874,Off T,Open Play,Normal,Right Foot,,,,,,1.0,3.017637580733865,1.0,,,1
e2085374-4fd7-4722-81eb-42f8bf452876,3930175,Belgium,Kevin De Bruyne,79,1,2,106.4,44.6,From Free Kick,0.17672184,Goal,Open Play,Half Volley,Right Foot,True,,,,,0.0,1.7463581772567587,1.0,2.482262978015553,12.617509091293286,1
c4283f42-2267-458e-8631-1f91dd03aef6,3930175,Romania,Denis Alibec,84,22,2,105.8,34.7,From Goal Kick,0.36282617,Blocked,Open Play,Normal,Left Foot,True,,,,True,0.0,2.402282433657802,1.0,4.2674449135288945,11.623831266441513,1
af857ef5-b0f5-4f73-a474-a5e9380fd1fc,3930175,Romania,Radu Drăgușin,84,58,2,112.9,29.4,From Corner,0.024504332,Wayward,Open Play,Normal,Head,,,,True,True,0.0,0.6732242990541413,1.0,10.351229700474198,1.2685160262096815,1
939319d8-0e5c-418b-9b52-5760a546605f,3930175,Belgium,Leandro Trossard,85,26,2,109.3,54.4,Regular Play,0.033712856,Blocked,Open Play,Normal,Right Foot,,,,,,0.0,2.0352562702889503,2.0,12.754564237266973,3.0038139687478065,1
772cbb84-86b7-48b8-a033-69622082837b,3930175,Belgium,Romelu Lukaku Menama,88,30,2,114.2,51.8,From Free Kick,0.10830227,Saved,Open Play,Normal,Right Foot,,True,,,,,,,,,0
153675e6-450b-4516-bc4b-b693c6e0a965,3930175,Romania,Radu Drăgușin,91,47,2,90.4,46.8,From Throw In,0.015765483,Blocked,Open Play,Normal,Right Foot,,,,,,1.0,0.33070141694035665,3.0,27.60573101739134,2.615976344040263,1
4da8ff2f-a37c-46e3-8088-c7923ec938d6,3930158,Germany,Florian Wirtz,9,55,1,101.1,42.0,From Throw In,0.064226404,Goal,Open Play,Normal,Right Foot,True,,,,,1.0,3.7655212303079053,1.0,17.638757159511997,1.2612909050602923,1
61d6d669-74c5-4297-a211-eb540edfdfec,3930158,Germany,Jamal Musiala,18,43,1,106.4,35.4,From Throw In,0.09347519,Goal,Open Play,Normal,Right Foot,,,,,,0.0,2.5113926387413046,2.0,11.403703188373532,2.502838904386948,1
f1262ecc-88e8-433d-8f90-c5534410a638,3930158,Germany,Kai Havertz,27,18,1,101.2,41.6,From Free Kick,0.061890993,Saved,Open Play,Normal,Left Foot,True,,,,,5.0,4.135413409173924,1.0,18.5222541425824,0.6932103127623606,1
24daaf59-9d00-4990-9e1f-4d1b2a711da8,3930158,Germany,İlkay Gündoğan,41,5,1,111.0,43.4,Regular Play,0.08211112,Saved,Open Play,Normal,Head,,,,True,True,0.0,1.4011630454387298,1.0,7.107364243762411,2.0836479259707232,1
23d46e0f-ada5-4380-9484-eb5c9b315986,3930158,Germany,Kai Havertz,45,35,1,108.1,40.1,Other,0.7835,Goal,Penalty,Normal,Left Foot,,,,,,0.0,9.714741061894,0.0,9.563611564607848,2.5074338258702937,1
97a8becc-ae47-4dd4-933e-8642ef97d2aa,3930158,Germany,Antonio Rüdiger,50,24,2,82.1,44.8,Regular Play,0.006107928,Saved,Open Play,Normal,Right Foot,,,,,,0.0,5.0169715933544285,0.0,34.25524476021834,4.322547431405866,1
a384ddb9-c4b0-490f-bb4d-abe8fc1b81e1,3930158,Germany,Antonio Rüdiger,51,13,2,106.9,43.3,From Corner,0.07437212,Blocked,Open Play,Normal,Head,,,,True,True,0.0,1.1312546046827594,3.0,11.708886091913104,1.7117561965289525,1
dcd14c6e-34c5-4c97-9452-7fab05c709b4,3930158,Germany,Pascal Groß,56,7,2,98.1,29.4,From Corner,0.030512892,Blocked,Open Play,Normal,Right Foot,,,,,,1.0,5.114818371879334,0.0,22.28409987945186,2.350197199373639,1
bc60d4d0-0ef0-4e75-ae96-8556f380f21e,3930158,Germany,Joshua Kimmich,56,29,2,95.4,57.2,From Corner,0.01540596,Blocked,Open Play,Normal,Right Foot,,,,,,0.0,5.999859250413475,0.0,25.11005284282102,2.838181163946274,1
bf420b16-c380-4a67-9745-29ab06669629,3930158,Germany,Florian Wirtz,57,5,2,112.6,50.1,From Corner,0.11507621,Off T,Open Play,Half Volley,Right Foot,True,,,,,0.0,1.9401456579152017,1.0,9.035187841921264,1.5877456611098921,1
52256790-0d92-465f-922f-bdde2d2aae7c,3930158,Germany,İlkay Gündoğan,58,31,2,110.1,37.4,Regular Play,0.13365488,Blocked,Open Play,Normal,Left Foot,True,,,,,1.0,1.7521767492764966,3.0,7.408942676646829,2.5620141492614152,1
5e86271e-65e4-4cc4-8c3d-ca39f870eed0,3930158,Germany,Maximilian Mittelstädt,59,46,2,102.9,28.5,Regular Play,0.025077615,Blocked,Open Play,Normal,Left Foot,,,,,,0.0,3.3571800786634927,2.0,19.782914040335932,1.9799392680310177,1
f3353d06-abc7-4876-a103-e6a0c2f004f3,3930158,Germany,Florian Wirtz,59,55,2,88.9,37.2,Regular Play,0.020383658,Off T,Open Play,Normal,Right Foot,,,,,,1.0,5.217212360166019,0.0,,,1
a38e2d82-4700-445b-9e7e-0f71d583ea1d,3930158,Germany,Leroy Sané,63,0,2,107.5,54.1,From Counter,0.07334591,Saved,Open Play,Normal,Left Foot,,,,,,0.0,3.0227577186235974,1.0,11.83010250073031,4.205955266082611,1
3b6e7a8e-1d95-4c52-b133-bff1c266408e,3930158,Germany,Maximilian Mittelstädt,65,23,2,99.2,28.8,From Corner,0.023070266,Off T,Open Play,Half Volley,Left Foot,True,,,,,1.0,9.740273731250563,0.0,22.432300104929357,0.6996011070632733,1
3ef71cbe-1513-4041-8c7f-4aff916c636e,3930158,Germany,Niclas Füllkrug,67,42,2,104.1,39.3,From Throw In,0.113960005,Goal,Open Play,Half Volley,Right Foot,,,,,,0.0,2.5634637826421214,3.0,14.709047595786108,1.587516557361127,1
2c60f93f-22ba-4133-9a23-297b8441eb28,3930158,Germany,Maximilian Mittelstädt,79,23,2,102.8,25.6,From Corner,0.021256333,Off T,Open Play,Half Volley,Left Foot,True,,,,,0.0,7.301028483005398,0.0,22.01959106264967,1.7250485760222602,1
246a833b-11e1-409d-903c-04d71e97edd3,3930158,Germany,Leroy Sané,82,53,2,98.9,55.4,Regular Play,0.026378801,Saved,Open Play,Normal,Left Foot,,,,,True,0.0,0.5644068143436158,1.0,21.65067064568865,3.915911920419859,1
c7748f14-7cd0-46eb-bc0f-19a53939ec15,3930158,Germany,Leroy Sané,85,11,2,92.6,43.3,From Counter,0.030833129,Off T,Open Play,Normal,Left Foot,,,,,,0.0,2.1169349740374566,2.0,22.520757013348966,5.057655700710541,1
8b721843-9dc5-42f8-8f87-cdd539c7b876,3930158,Scotland,Scott McKenna,86,31,2,108.8,50.0,From Free Kick,0.060525935,Wayward,Open Play,Normal,Head,,,,True,True,0.0,1.1683047376411182,3.0,13.933984847074775,2.2643457908396414,1
8143fdce-e50e-43ec-9231-f4110743d2b8,3930158,Germany,Emre Can,92,32,2,98.5,39.4,Regular Play,0.0499945,Goal,Open Play,Normal,Right Foot,,,,,True,0.0,4.041206756732944,1.0,21.403423917606506,0.17058490019492467,1
